latitude,direction,band,label,count,total,proportion,bottom,color
0,0,0,0–5%,130,290,0.4482758620689655,0,"rgb(12,127,67)"
0,0,1,5–10%,29,290,0.1,0.4482758620689655,"rgb(150,210,104)"
0,0,2,10–15%,20,290,0.06896551724137931,0.5482758620689655,"rgb(254,255,190)"
0,0,3,15–20%,13,290,0.04482758620689655,0.6172413793103448,"rgb(251,157,89)"
0,0,4,≥20%,52,290,0.1793103448275862,0.6620689655172414,"rgb(189,23,38)"
0,0,5,not lit,46,290,0.15862068965517243,0.8413793103448276,"rgb(140,140,140)"
0,15,0,0–5%,334,637,0.5243328100470958,0,"rgb(12,127,67)"
0,15,1,5–10%,61,637,0.09576138147566719,0.5243328100470958,"rgb(150,210,104)"
0,15,2,10–15%,39,637,0.061224489795918366,0.6200941915227629,"rgb(254,255,190)"
0,15,3,15–20%,28,637,0.04395604395604396,0.6813186813186812,"rgb(251,157,89)"
0,15,4,≥20%,96,637,0.15070643642072212,0.7252747252747251,"rgb(189,23,38)"
0,15,5,not lit,79,637,0.12401883830455258,0.8759811616954473,"rgb(140,140,140)"
0,30,0,0–5%,731,1703,0.42924251321197887,0,"rgb(12,127,67)"
0,30,1,5–10%,293,1703,0.17204932472108045,0.42924251321197887,"rgb(150,210,104)"
0,30,2,10–15%,139,1703,0.08162066940692896,0.6012918379330593,"rgb(254,255,190)"
0,30,3,15–20%,75,1703,0.04403992953611274,0.6829125073399882,"rgb(251,157,89)"
0,30,4,≥20%,174,1703,0.10217263652378156,0.7269524368761009,"rgb(189,23,38)"
0,30,5,not lit,291,1703,0.17087492660011744,0.8291250733998825,"rgb(140,140,140)"
0,45,0,0–5%,89,187,0.47593582887700536,0,"rgb(12,127,67)"
0,45,1,5–10%,29,187,0.15508021390374332,0.47593582887700536,"rgb(150,210,104)"
0,45,2,10–15%,17,187,0.09090909090909091,0.6310160427807487,"rgb(254,255,190)"
0,45,3,15–20%,4,187,0.0213903743315508,0.7219251336898397,"rgb(251,157,89)"
0,45,4,≥20%,26,187,0.13903743315508021,0.7433155080213905,"rgb(189,23,38)"
0,45,5,not lit,22,187,0.11764705882352941,0.8823529411764707,"rgb(140,140,140)"
0,60,0,0–5%,214,412,0.5194174757281553,0,"rgb(12,127,67)"
0,60,1,5–10%,42,412,0.10194174757281553,0.5194174757281553,"rgb(150,210,104)"
0,60,2,10–15%,22,412,0.05339805825242718,0.6213592233009708,"rgb(254,255,190)"
0,60,3,15–20%,19,412,0.04611650485436893,0.674757281553398,"rgb(251,157,89)"
0,60,4,≥20%,57,412,0.1383495145631068,0.7208737864077669,"rgb(189,23,38)"
0,60,5,not lit,58,412,0.1407766990291262,0.8592233009708736,"rgb(140,140,140)"
0,75,0,0–5%,423,826,0.5121065375302664,0,"rgb(12,127,67)"
0,75,1,5–10%,96,826,0.1162227602905569,0.5121065375302664,"rgb(150,210,104)"
0,75,2,10–15%,54,826,0.06537530266343826,0.6283292978208233,"rgb(254,255,190)"
0,75,3,15–20%,31,826,0.03753026634382567,0.6937046004842615,"rgb(251,157,89)"
0,75,4,≥20%,139,826,0.1682808716707022,0.7312348668280872,"rgb(189,23,38)"
0,75,5,not lit,83,826,0.10048426150121065,0.8995157384987894,"rgb(140,140,140)"
0,90,0,0–5%,96,286,0.3356643356643357,0,"rgb(12,127,67)"
0,90,1,5–10%,46,286,0.16083916083916083,0.3356643356643357,"rgb(150,210,104)"
0,90,2,10–15%,28,286,0.0979020979020979,0.4965034965034965,"rgb(254,255,190)"
0,90,3,15–20%,17,286,0.05944055944055944,0.5944055944055944,"rgb(251,157,89)"
0,90,4,≥20%,64,286,0.22377622377622378,0.6538461538461539,"rgb(189,23,38)"
0,90,5,not lit,35,286,0.12237762237762238,0.8776223776223776,"rgb(140,140,140)"
0,105,0,0–5%,234,611,0.3829787234042553,0,"rgb(12,127,67)"
0,105,1,5–10%,81,611,0.132569558101473,0.3829787234042553,"rgb(150,210,104)"
0,105,2,10–15%,44,611,0.07201309328968904,0.5155482815057283,"rgb(254,255,190)"
0,105,3,15–20%,22,611,0.03600654664484452,0.5875613747954174,"rgb(251,157,89)"
0,105,4,≥20%,105,611,0.1718494271685761,0.6235679214402619,"rgb(189,23,38)"
0,105,5,not lit,125,611,0.20458265139116202,0.795417348608838,"rgb(140,140,140)"
0,120,0,0–5%,619,1778,0.3481439820022497,0,"rgb(12,127,67)"
0,120,1,5–10%,233,1778,0.13104611923509563,0.3481439820022497,"rgb(150,210,104)"
0,120,2,10–15%,133,1778,0.07480314960629922,0.47919010123734535,"rgb(254,255,190)"
0,120,3,15–20%,67,1778,0.03768278965129359,0.5539932508436446,"rgb(251,157,89)"
0,120,4,≥20%,225,1778,0.1265466816647919,0.5916760404949382,"rgb(189,23,38)"
0,120,5,not lit,501,1778,0.28177727784026996,0.71822272215973,"rgb(140,140,140)"
0,135,0,0–5%,81,188,0.4308510638297872,0,"rgb(12,127,67)"
0,135,1,5–10%,27,188,0.14361702127659576,0.4308510638297872,"rgb(150,210,104)"
0,135,2,10–15%,12,188,0.06382978723404255,0.574468085106383,"rgb(254,255,190)"
0,135,3,15–20%,5,188,0.026595744680851064,0.6382978723404256,"rgb(251,157,89)"
0,135,4,≥20%,26,188,0.13829787234042554,0.6648936170212766,"rgb(189,23,38)"
0,135,5,not lit,37,188,0.19680851063829788,0.8031914893617021,"rgb(140,140,140)"
0,150,0,0–5%,179,456,0.3925438596491228,0,"rgb(12,127,67)"
0,150,1,5–10%,60,456,0.13157894736842105,0.3925438596491228,"rgb(150,210,104)"
0,150,2,10–15%,37,456,0.08114035087719298,0.5241228070175439,"rgb(254,255,190)"
0,150,3,15–20%,16,456,0.03508771929824561,0.6052631578947368,"rgb(251,157,89)"
0,150,4,≥20%,72,456,0.15789473684210525,0.6403508771929824,"rgb(189,23,38)"
0,150,5,not lit,92,456,0.20175438596491227,0.7982456140350878,"rgb(140,140,140)"
0,165,0,0–5%,373,907,0.41124586549062847,0,"rgb(12,127,67)"
0,165,1,5–10%,119,907,0.13120176405733186,0.41124586549062847,"rgb(150,210,104)"
0,165,2,10–15%,42,907,0.04630650496141125,0.5424476295479603,"rgb(254,255,190)"
0,165,3,15–20%,26,907,0.02866593164277839,0.5887541345093715,"rgb(251,157,89)"
0,165,4,≥20%,146,907,0.1609702315325248,0.61742006615215,"rgb(189,23,38)"
0,165,5,not lit,201,907,0.22160970231532526,0.7783902976846747,"rgb(140,140,140)"
0,180,0,0–5%,78,276,0.2826086956521739,0,"rgb(12,127,67)"
0,180,1,5–10%,23,276,0.08333333333333333,0.2826086956521739,"rgb(150,210,104)"
0,180,2,10–15%,28,276,0.10144927536231885,0.3659420289855072,"rgb(254,255,190)"
0,180,3,15–20%,11,276,0.03985507246376811,0.46739130434782605,"rgb(251,157,89)"
0,180,4,≥20%,84,276,0.30434782608695654,0.5072463768115941,"rgb(189,23,38)"
0,180,5,not lit,52,276,0.18840579710144928,0.8115942028985507,"rgb(140,140,140)"
0,195,0,0–5%,299,610,0.4901639344262295,0,"rgb(12,127,67)"
0,195,1,5–10%,71,610,0.11639344262295082,0.4901639344262295,"rgb(150,210,104)"
0,195,2,10–15%,27,610,0.04426229508196721,0.6065573770491803,"rgb(254,255,190)"
0,195,3,15–20%,15,610,0.02459016393442623,0.6508196721311476,"rgb(251,157,89)"
0,195,4,≥20%,94,610,0.1540983606557377,0.6754098360655738,"rgb(189,23,38)"
0,195,5,not lit,104,610,0.17049180327868851,0.8295081967213115,"rgb(140,140,140)"
0,210,0,0–5%,696,1679,0.41453245979749853,0,"rgb(12,127,67)"
0,210,1,5–10%,310,1679,0.18463371054198927,0.41453245979749853,"rgb(150,210,104)"
0,210,2,10–15%,141,1679,0.08397855866587255,0.5991661703394878,"rgb(254,255,190)"
0,210,3,15–20%,64,1679,0.038117927337701016,0.6831447290053604,"rgb(251,157,89)"
0,210,4,≥20%,182,1679,0.10839785586658725,0.7212626563430614,"rgb(189,23,38)"
0,210,5,not lit,286,1679,0.1703394877903514,0.8296605122096486,"rgb(140,140,140)"
0,225,0,0–5%,77,197,0.39086294416243655,0,"rgb(12,127,67)"
0,225,1,5–10%,31,197,0.15736040609137056,0.39086294416243655,"rgb(150,210,104)"
0,225,2,10–15%,16,197,0.08121827411167512,0.5482233502538071,"rgb(254,255,190)"
0,225,3,15–20%,19,197,0.09644670050761421,0.6294416243654822,"rgb(251,157,89)"
0,225,4,≥20%,36,197,0.18274111675126903,0.7258883248730964,"rgb(189,23,38)"
0,225,5,not lit,18,197,0.09137055837563451,0.9086294416243654,"rgb(140,140,140)"
0,240,0,0–5%,182,407,0.44717444717444715,0,"rgb(12,127,67)"
0,240,1,5–10%,53,407,0.13022113022113022,0.44717444717444715,"rgb(150,210,104)"
0,240,2,10–15%,26,407,0.06388206388206388,0.5773955773955773,"rgb(254,255,190)"
0,240,3,15–20%,27,407,0.06633906633906633,0.6412776412776412,"rgb(251,157,89)"
0,240,4,≥20%,76,407,0.18673218673218672,0.7076167076167075,"rgb(189,23,38)"
0,240,5,not lit,43,407,0.10565110565110565,0.8943488943488942,"rgb(140,140,140)"
0,255,0,0–5%,373,815,0.45766871165644174,0,"rgb(12,127,67)"
0,255,1,5–10%,123,815,0.150920245398773,0.45766871165644174,"rgb(150,210,104)"
0,255,2,10–15%,56,815,0.0687116564417178,0.6085889570552148,"rgb(254,255,190)"
0,255,3,15–20%,26,815,0.03190184049079755,0.6773006134969326,"rgb(251,157,89)"
0,255,4,≥20%,150,815,0.18404907975460122,0.7092024539877302,"rgb(189,23,38)"
0,255,5,not lit,87,815,0.1067484662576687,0.8932515337423315,"rgb(140,140,140)"
0,270,0,0–5%,78,265,0.2943396226415094,0,"rgb(12,127,67)"
0,270,1,5–10%,49,265,0.18490566037735848,0.2943396226415094,"rgb(150,210,104)"
0,270,2,10–15%,19,265,0.07169811320754717,0.47924528301886793,"rgb(254,255,190)"
0,270,3,15–20%,17,265,0.06415094339622641,0.5509433962264151,"rgb(251,157,89)"
0,270,4,≥20%,69,265,0.26037735849056604,0.6150943396226415,"rgb(189,23,38)"
0,270,5,not lit,33,265,0.12452830188679245,0.8754716981132076,"rgb(140,140,140)"
0,285,0,0–5%,263,609,0.4318555008210181,0,"rgb(12,127,67)"
0,285,1,5–10%,97,609,0.1592775041050903,0.4318555008210181,"rgb(150,210,104)"
0,285,2,10–15%,36,609,0.059113300492610835,0.5911330049261084,"rgb(254,255,190)"
0,285,3,15–20%,23,609,0.03776683087027915,0.6502463054187193,"rgb(251,157,89)"
0,285,4,≥20%,92,609,0.1510673234811166,0.6880131362889984,"rgb(189,23,38)"
0,285,5,not lit,98,609,0.16091954022988506,0.839080459770115,"rgb(140,140,140)"
0,300,0,0–5%,650,1781,0.36496350364963503,0,"rgb(12,127,67)"
0,300,1,5–10%,240,1781,0.13475575519371139,0.36496350364963503,"rgb(150,210,104)"
0,300,2,10–15%,134,1781,0.07523862998315553,0.49971925884334645,"rgb(254,255,190)"
0,300,3,15–20%,67,1781,0.037619314991577765,0.574957888826502,"rgb(251,157,89)"
0,300,4,≥20%,205,1781,0.11510387422796182,0.6125772038180798,"rgb(189,23,38)"
0,300,5,not lit,485,1781,0.27231892195395846,0.7276810780460417,"rgb(140,140,140)"
0,315,0,0–5%,62,190,0.3263157894736842,0,"rgb(12,127,67)"
0,315,1,5–10%,43,190,0.22631578947368422,0.3263157894736842,"rgb(150,210,104)"
0,315,2,10–15%,18,190,0.09473684210526316,0.5526315789473685,"rgb(254,255,190)"
0,315,3,15–20%,19,190,0.1,0.6473684210526316,"rgb(251,157,89)"
0,315,4,≥20%,23,190,0.12105263157894737,0.7473684210526316,"rgb(189,23,38)"
0,315,5,not lit,25,190,0.13157894736842105,0.868421052631579,"rgb(140,140,140)"
0,330,0,0–5%,173,442,0.3914027149321267,0,"rgb(12,127,67)"
0,330,1,5–10%,54,442,0.12217194570135746,0.3914027149321267,"rgb(150,210,104)"
0,330,2,10–15%,30,442,0.06787330316742081,0.5135746606334841,"rgb(254,255,190)"
0,330,3,15–20%,16,442,0.03619909502262444,0.5814479638009049,"rgb(251,157,89)"
0,330,4,≥20%,77,442,0.17420814479638008,0.6176470588235293,"rgb(189,23,38)"
0,330,5,not lit,92,442,0.2081447963800905,0.7918552036199094,"rgb(140,140,140)"
0,345,0,0–5%,389,924,0.420995670995671,0,"rgb(12,127,67)"
0,345,1,5–10%,121,924,0.13095238095238096,0.420995670995671,"rgb(150,210,104)"
0,345,2,10–15%,46,924,0.049783549783549784,0.551948051948052,"rgb(254,255,190)"
0,345,3,15–20%,28,924,0.030303030303030304,0.6017316017316018,"rgb(251,157,89)"
0,345,4,≥20%,138,924,0.14935064935064934,0.6320346320346321,"rgb(189,23,38)"
0,345,5,not lit,202,924,0.21861471861471862,0.7813852813852814,"rgb(140,140,140)"
15,0,0,0–5%,114,290,0.3931034482758621,0,"rgb(12,127,67)"
15,0,1,5–10%,39,290,0.13448275862068965,0.3931034482758621,"rgb(150,210,104)"
15,0,2,10–15%,16,290,0.05517241379310345,0.5275862068965518,"rgb(254,255,190)"
15,0,3,15–20%,20,290,0.06896551724137931,0.5827586206896552,"rgb(251,157,89)"
15,0,4,≥20%,54,290,0.18620689655172415,0.6517241379310346,"rgb(189,23,38)"
15,0,5,not lit,47,290,0.16206896551724137,0.8379310344827587,"rgb(140,140,140)"
15,15,0,0–5%,285,637,0.4474097331240188,0,"rgb(12,127,67)"
15,15,1,5–10%,99,637,0.1554160125588697,0.4474097331240188,"rgb(150,210,104)"
15,15,2,10–15%,50,637,0.07849293563579278,0.6028257456828885,"rgb(254,255,190)"
15,15,3,15–20%,28,637,0.04395604395604396,0.6813186813186812,"rgb(251,157,89)"
15,15,4,≥20%,91,637,0.14285714285714285,0.7252747252747251,"rgb(189,23,38)"
15,15,5,not lit,84,637,0.13186813186813187,0.8681318681318679,"rgb(140,140,140)"
15,30,0,0–5%,595,1703,0.34938344098649443,0,"rgb(12,127,67)"
15,30,1,5–10%,320,1703,0.18790369935408102,0.34938344098649443,"rgb(150,210,104)"
15,30,2,10–15%,189,1703,0.11098062243100411,0.5372871403405755,"rgb(254,255,190)"
15,30,3,15–20%,93,1703,0.0546095126247798,0.6482677627715796,"rgb(251,157,89)"
15,30,4,≥20%,215,1703,0.1262477980035232,0.7028772753963594,"rgb(189,23,38)"
15,30,5,not lit,291,1703,0.17087492660011744,0.8291250733998825,"rgb(140,140,140)"
15,45,0,0–5%,69,187,0.3689839572192513,0,"rgb(12,127,67)"
15,45,1,5–10%,28,187,0.1497326203208556,0.3689839572192513,"rgb(150,210,104)"
15,45,2,10–15%,26,187,0.13903743315508021,0.5187165775401069,"rgb(254,255,190)"
15,45,3,15–20%,7,187,0.0374331550802139,0.6577540106951871,"rgb(251,157,89)"
15,45,4,≥20%,35,187,0.18716577540106952,0.6951871657754011,"rgb(189,23,38)"
15,45,5,not lit,22,187,0.11764705882352941,0.8823529411764706,"rgb(140,140,140)"
15,60,0,0–5%,197,412,0.47815533980582525,0,"rgb(12,127,67)"
15,60,1,5–10%,48,412,0.11650485436893204,0.47815533980582525,"rgb(150,210,104)"
15,60,2,10–15%,24,412,0.05825242718446602,0.5946601941747574,"rgb(254,255,190)"
15,60,3,15–20%,15,412,0.03640776699029126,0.6529126213592233,"rgb(251,157,89)"
15,60,4,≥20%,76,412,0.18446601941747573,0.6893203883495146,"rgb(189,23,38)"
15,60,5,not lit,52,412,0.1262135922330097,0.8737864077669903,"rgb(140,140,140)"
15,75,0,0–5%,394,826,0.47699757869249393,0,"rgb(12,127,67)"
15,75,1,5–10%,94,826,0.11380145278450363,0.47699757869249393,"rgb(150,210,104)"
15,75,2,10–15%,56,826,0.06779661016949153,0.5907990314769975,"rgb(254,255,190)"
15,75,3,15–20%,40,826,0.048426150121065374,0.6585956416464891,"rgb(251,157,89)"
15,75,4,≥20%,158,826,0.19128329297820823,0.7070217917675544,"rgb(189,23,38)"
15,75,5,not lit,84,826,0.1016949152542373,0.8983050847457626,"rgb(140,140,140)"
15,90,0,0–5%,95,286,0.3321678321678322,0,"rgb(12,127,67)"
15,90,1,5–10%,43,286,0.15034965034965034,0.3321678321678322,"rgb(150,210,104)"
15,90,2,10–15%,36,286,0.1258741258741259,0.4825174825174825,"rgb(254,255,190)"
15,90,3,15–20%,10,286,0.03496503496503497,0.6083916083916083,"rgb(251,157,89)"
15,90,4,≥20%,65,286,0.22727272727272727,0.6433566433566433,"rgb(189,23,38)"
15,90,5,not lit,37,286,0.12937062937062938,0.8706293706293706,"rgb(140,140,140)"
15,105,0,0–5%,237,611,0.3878887070376432,0,"rgb(12,127,67)"
15,105,1,5–10%,86,611,0.1407528641571195,0.3878887070376432,"rgb(150,210,104)"
15,105,2,10–15%,40,611,0.06546644844517185,0.5286415711947627,"rgb(254,255,190)"
15,105,3,15–20%,32,611,0.05237315875613748,0.5941080196399346,"rgb(251,157,89)"
15,105,4,≥20%,92,611,0.15057283142389524,0.6464811783960721,"rgb(189,23,38)"
15,105,5,not lit,124,611,0.20294599018003273,0.7970540098199673,"rgb(140,140,140)"
15,120,0,0–5%,618,1778,0.34758155230596177,0,"rgb(12,127,67)"
15,120,1,5–10%,247,1778,0.1389201349831271,0.34758155230596177,"rgb(150,210,104)"
15,120,2,10–15%,127,1778,0.07142857142857142,0.4865016872890889,"rgb(254,255,190)"
15,120,3,15–20%,76,1778,0.04274465691788527,0.5579302587176603,"rgb(251,157,89)"
15,120,4,≥20%,210,1778,0.11811023622047244,0.6006749156355456,"rgb(189,23,38)"
15,120,5,not lit,500,1778,0.281214848143982,0.7187851518560181,"rgb(140,140,140)"
15,135,0,0–5%,86,188,0.4574468085106383,0,"rgb(12,127,67)"
15,135,1,5–10%,25,188,0.13297872340425532,0.4574468085106383,"rgb(150,210,104)"
15,135,2,10–15%,11,188,0.05851063829787234,0.5904255319148937,"rgb(254,255,190)"
15,135,3,15–20%,5,188,0.026595744680851064,0.6489361702127661,"rgb(251,157,89)"
15,135,4,≥20%,24,188,0.1276595744680851,0.6755319148936171,"rgb(189,23,38)"
15,135,5,not lit,37,188,0.19680851063829788,0.8031914893617021,"rgb(140,140,140)"
15,150,0,0–5%,190,456,0.4166666666666667,0,"rgb(12,127,67)"
15,150,1,5–10%,58,456,0.12719298245614036,0.4166666666666667,"rgb(150,210,104)"
15,150,2,10–15%,31,456,0.06798245614035088,0.543859649122807,"rgb(254,255,190)"
15,150,3,15–20%,17,456,0.03728070175438596,0.611842105263158,"rgb(251,157,89)"
15,150,4,≥20%,69,456,0.1513157894736842,0.6491228070175439,"rgb(189,23,38)"
15,150,5,not lit,91,456,0.19956140350877194,0.8004385964912281,"rgb(140,140,140)"
15,165,0,0–5%,391,907,0.4310915104740904,0,"rgb(12,127,67)"
15,165,1,5–10%,107,907,0.11797133406835722,0.4310915104740904,"rgb(150,210,104)"
15,165,2,10–15%,41,907,0.04520396912899669,0.5490628445424476,"rgb(254,255,190)"
15,165,3,15–20%,32,907,0.03528114663726571,0.5942668136714443,"rgb(251,157,89)"
15,165,4,≥20%,136,907,0.14994487320837926,0.62954796030871,"rgb(189,23,38)"
15,165,5,not lit,200,907,0.2205071664829107,0.7794928335170892,"rgb(140,140,140)"
15,180,0,0–5%,83,276,0.3007246376811594,0,"rgb(12,127,67)"
15,180,1,5–10%,39,276,0.14130434782608695,0.3007246376811594,"rgb(150,210,104)"
15,180,2,10–15%,19,276,0.06884057971014493,0.44202898550724634,"rgb(254,255,190)"
15,180,3,15–20%,16,276,0.057971014492753624,0.5108695652173912,"rgb(251,157,89)"
15,180,4,≥20%,69,276,0.25,0.5688405797101449,"rgb(189,23,38)"
15,180,5,not lit,50,276,0.18115942028985507,0.8188405797101449,"rgb(140,140,140)"
15,195,0,0–5%,306,610,0.5016393442622951,0,"rgb(12,127,67)"
15,195,1,5–10%,71,610,0.11639344262295082,0.5016393442622951,"rgb(150,210,104)"
15,195,2,10–15%,39,610,0.06393442622950819,0.6180327868852459,"rgb(254,255,190)"
15,195,3,15–20%,18,610,0.029508196721311476,0.6819672131147541,"rgb(251,157,89)"
15,195,4,≥20%,75,610,0.12295081967213115,0.7114754098360655,"rgb(189,23,38)"
15,195,5,not lit,101,610,0.16557377049180327,0.8344262295081967,"rgb(140,140,140)"
15,210,0,0–5%,774,1679,0.46098868374032165,0,"rgb(12,127,67)"
15,210,1,5–10%,312,1679,0.18582489577129244,0.46098868374032165,"rgb(150,210,104)"
15,210,2,10–15%,99,1679,0.05896366885050625,0.6468135795116141,"rgb(254,255,190)"
15,210,3,15–20%,65,1679,0.03871351995235259,0.7057772483621204,"rgb(251,157,89)"
15,210,4,≥20%,156,1679,0.09291244788564622,0.744490768314473,"rgb(189,23,38)"
15,210,5,not lit,273,1679,0.16259678379988088,0.8374032162001193,"rgb(140,140,140)"
15,225,0,0–5%,88,197,0.4467005076142132,0,"rgb(12,127,67)"
15,225,1,5–10%,32,197,0.16243654822335024,0.4467005076142132,"rgb(150,210,104)"
15,225,2,10–15%,18,197,0.09137055837563451,0.6091370558375635,"rgb(254,255,190)"
15,225,3,15–20%,12,197,0.06091370558375635,0.7005076142131981,"rgb(251,157,89)"
15,225,4,≥20%,29,197,0.14720812182741116,0.7614213197969544,"rgb(189,23,38)"
15,225,5,not lit,18,197,0.09137055837563451,0.9086294416243655,"rgb(140,140,140)"
15,240,0,0–5%,192,407,0.47174447174447176,0,"rgb(12,127,67)"
15,240,1,5–10%,45,407,0.11056511056511056,0.47174447174447176,"rgb(150,210,104)"
15,240,2,10–15%,32,407,0.07862407862407862,0.5823095823095823,"rgb(254,255,190)"
15,240,3,15–20%,21,407,0.051597051597051594,0.6609336609336609,"rgb(251,157,89)"
15,240,4,≥20%,73,407,0.17936117936117937,0.7125307125307125,"rgb(189,23,38)"
15,240,5,not lit,44,407,0.10810810810810811,0.8918918918918919,"rgb(140,140,140)"
15,255,0,0–5%,399,815,0.48957055214723927,0,"rgb(12,127,67)"
15,255,1,5–10%,122,815,0.14969325153374233,0.48957055214723927,"rgb(150,210,104)"
15,255,2,10–15%,41,815,0.05030674846625767,0.6392638036809816,"rgb(254,255,190)"
15,255,3,15–20%,36,815,0.044171779141104296,0.6895705521472393,"rgb(251,157,89)"
15,255,4,≥20%,132,815,0.1619631901840491,0.7337423312883435,"rgb(189,23,38)"
15,255,5,not lit,85,815,0.10429447852760736,0.8957055214723926,"rgb(140,140,140)"
15,270,0,0–5%,82,265,0.30943396226415093,0,"rgb(12,127,67)"
15,270,1,5–10%,36,265,0.13584905660377358,0.30943396226415093,"rgb(150,210,104)"
15,270,2,10–15%,28,265,0.10566037735849057,0.44528301886792454,"rgb(254,255,190)"
15,270,3,15–20%,18,265,0.06792452830188679,0.5509433962264151,"rgb(251,157,89)"
15,270,4,≥20%,68,265,0.25660377358490566,0.6188679245283019,"rgb(189,23,38)"
15,270,5,not lit,33,265,0.12452830188679245,0.8754716981132076,"rgb(140,140,140)"
15,285,0,0–5%,268,609,0.4400656814449918,0,"rgb(12,127,67)"
15,285,1,5–10%,82,609,0.13464696223316913,0.4400656814449918,"rgb(150,210,104)"
15,285,2,10–15%,40,609,0.06568144499178982,0.5747126436781609,"rgb(254,255,190)"
15,285,3,15–20%,24,609,0.03940886699507389,0.6403940886699507,"rgb(251,157,89)"
15,285,4,≥20%,98,609,0.16091954022988506,0.6798029556650246,"rgb(189,23,38)"
15,285,5,not lit,97,609,0.1592775041050903,0.8407224958949097,"rgb(140,140,140)"
15,300,0,0–5%,588,1781,0.33015160022459294,0,"rgb(12,127,67)"
15,300,1,5–10%,282,1781,0.15833801235261089,0.33015160022459294,"rgb(150,210,104)"
15,300,2,10–15%,150,1781,0.08422234699606962,0.4884896125772038,"rgb(254,255,190)"
15,300,3,15–20%,90,1781,0.05053340819764177,0.5727119595732735,"rgb(251,157,89)"
15,300,4,≥20%,208,1781,0.11678832116788321,0.6232453677709152,"rgb(189,23,38)"
15,300,5,not lit,463,1781,0.25996631106120155,0.7400336889387984,"rgb(140,140,140)"
15,315,0,0–5%,55,190,0.2894736842105263,0,"rgb(12,127,67)"
15,315,1,5–10%,38,190,0.2,0.2894736842105263,"rgb(150,210,104)"
15,315,2,10–15%,21,190,0.11052631578947368,0.48947368421052634,"rgb(254,255,190)"
15,315,3,15–20%,14,190,0.07368421052631578,0.6,"rgb(251,157,89)"
15,315,4,≥20%,38,190,0.2,0.6736842105263158,"rgb(189,23,38)"
15,315,5,not lit,24,190,0.12631578947368421,0.8736842105263158,"rgb(140,140,140)"
15,330,0,0–5%,130,442,0.29411764705882354,0,"rgb(12,127,67)"
15,330,1,5–10%,65,442,0.14705882352941177,0.29411764705882354,"rgb(150,210,104)"
15,330,2,10–15%,39,442,0.08823529411764706,0.4411764705882353,"rgb(254,255,190)"
15,330,3,15–20%,24,442,0.05429864253393665,0.5294117647058824,"rgb(251,157,89)"
15,330,4,≥20%,89,442,0.20135746606334842,0.583710407239819,"rgb(189,23,38)"
15,330,5,not lit,95,442,0.2149321266968326,0.7850678733031675,"rgb(140,140,140)"
15,345,0,0–5%,330,924,0.35714285714285715,0,"rgb(12,127,67)"
15,345,1,5–10%,146,924,0.15800865800865802,0.35714285714285715,"rgb(150,210,104)"
15,345,2,10–15%,62,924,0.0670995670995671,0.5151515151515151,"rgb(254,255,190)"
15,345,3,15–20%,48,924,0.05194805194805195,0.5822510822510822,"rgb(251,157,89)"
15,345,4,≥20%,133,924,0.14393939393939395,0.6341991341991342,"rgb(189,23,38)"
15,345,5,not lit,205,924,0.22186147186147187,0.7781385281385281,"rgb(140,140,140)"
30,0,0,0–5%,61,290,0.2103448275862069,0,"rgb(12,127,67)"
30,0,1,5–10%,29,290,0.1,0.2103448275862069,"rgb(150,210,104)"
30,0,2,10–15%,24,290,0.08275862068965517,0.3103448275862069,"rgb(254,255,190)"
30,0,3,15–20%,16,290,0.05517241379310345,0.3931034482758621,"rgb(251,157,89)"
30,0,4,≥20%,101,290,0.3482758620689655,0.4482758620689655,"rgb(189,23,38)"
30,0,5,not lit,59,290,0.20344827586206896,0.796551724137931,"rgb(140,140,140)"
30,15,0,0–5%,185,637,0.2904238618524333,0,"rgb(12,127,67)"
30,15,1,5–10%,87,637,0.13657770800627944,0.2904238618524333,"rgb(150,210,104)"
30,15,2,10–15%,63,637,0.0989010989010989,0.42700156985871274,"rgb(254,255,190)"
30,15,3,15–20%,42,637,0.06593406593406594,0.5259026687598116,"rgb(251,157,89)"
30,15,4,≥20%,169,637,0.2653061224489796,0.5918367346938775,"rgb(189,23,38)"
30,15,5,not lit,91,637,0.14285714285714285,0.8571428571428572,"rgb(140,140,140)"
30,30,0,0–5%,464,1703,0.2724603640634175,0,"rgb(12,127,67)"
30,30,1,5–10%,315,1703,0.1849677040516735,0.2724603640634175,"rgb(150,210,104)"
30,30,2,10–15%,179,1703,0.10510863182618908,0.457428068115091,"rgb(254,255,190)"
30,30,3,15–20%,92,1703,0.0540223135642983,0.5625366999412801,"rgb(251,157,89)"
30,30,4,≥20%,319,1703,0.18731650029359953,0.6165590135055784,"rgb(189,23,38)"
30,30,5,not lit,334,1703,0.19612448620082207,0.803875513799178,"rgb(140,140,140)"
30,45,0,0–5%,58,187,0.31016042780748665,0,"rgb(12,127,67)"
30,45,1,5–10%,29,187,0.15508021390374332,0.31016042780748665,"rgb(150,210,104)"
30,45,2,10–15%,21,187,0.11229946524064172,0.46524064171123,"rgb(254,255,190)"
30,45,3,15–20%,12,187,0.06417112299465241,0.5775401069518717,"rgb(251,157,89)"
30,45,4,≥20%,39,187,0.20855614973262032,0.6417112299465242,"rgb(189,23,38)"
30,45,5,not lit,28,187,0.1497326203208556,0.8502673796791445,"rgb(140,140,140)"
30,60,0,0–5%,184,412,0.44660194174757284,0,"rgb(12,127,67)"
30,60,1,5–10%,47,412,0.11407766990291263,0.44660194174757284,"rgb(150,210,104)"
30,60,2,10–15%,21,412,0.050970873786407765,0.5606796116504855,"rgb(254,255,190)"
30,60,3,15–20%,19,412,0.04611650485436893,0.6116504854368933,"rgb(251,157,89)"
30,60,4,≥20%,85,412,0.20631067961165048,0.6577669902912622,"rgb(189,23,38)"
30,60,5,not lit,56,412,0.13592233009708737,0.8640776699029127,"rgb(140,140,140)"
30,75,0,0–5%,355,826,0.4297820823244552,0,"rgb(12,127,67)"
30,75,1,5–10%,105,826,0.1271186440677966,0.4297820823244552,"rgb(150,210,104)"
30,75,2,10–15%,59,826,0.07142857142857142,0.5569007263922519,"rgb(254,255,190)"
30,75,3,15–20%,34,826,0.04116222760290557,0.6283292978208233,"rgb(251,157,89)"
30,75,4,≥20%,189,826,0.2288135593220339,0.6694915254237288,"rgb(189,23,38)"
30,75,5,not lit,84,826,0.1016949152542373,0.8983050847457628,"rgb(140,140,140)"
30,90,0,0–5%,87,286,0.3041958041958042,0,"rgb(12,127,67)"
30,90,1,5–10%,48,286,0.16783216783216784,0.3041958041958042,"rgb(150,210,104)"
30,90,2,10–15%,31,286,0.10839160839160839,0.4720279720279721,"rgb(254,255,190)"
30,90,3,15–20%,13,286,0.045454545454545456,0.5804195804195804,"rgb(251,157,89)"
30,90,4,≥20%,71,286,0.24825174825174826,0.6258741258741258,"rgb(189,23,38)"
30,90,5,not lit,36,286,0.1258741258741259,0.8741258741258741,"rgb(140,140,140)"
30,105,0,0–5%,236,611,0.3862520458265139,0,"rgb(12,127,67)"
30,105,1,5–10%,74,611,0.12111292962356793,0.3862520458265139,"rgb(150,210,104)"
30,105,2,10–15%,52,611,0.0851063829787234,0.5073649754500819,"rgb(254,255,190)"
30,105,3,15–20%,26,611,0.0425531914893617,0.5924713584288053,"rgb(251,157,89)"
30,105,4,≥20%,101,611,0.16530278232405893,0.6350245499181669,"rgb(189,23,38)"
30,105,5,not lit,122,611,0.19967266775777415,0.8003273322422259,"rgb(140,140,140)"
30,120,0,0–5%,627,1778,0.3526434195725534,0,"rgb(12,127,67)"
30,120,1,5–10%,240,1778,0.13498312710911137,0.3526434195725534,"rgb(150,210,104)"
30,120,2,10–15%,127,1778,0.07142857142857142,0.4876265466816648,"rgb(254,255,190)"
30,120,3,15–20%,73,1778,0.04105736782902137,0.5590551181102362,"rgb(251,157,89)"
30,120,4,≥20%,211,1778,0.1186726659167604,0.6001124859392576,"rgb(189,23,38)"
30,120,5,not lit,500,1778,0.281214848143982,0.718785151856018,"rgb(140,140,140)"
30,135,0,0–5%,81,188,0.4308510638297872,0,"rgb(12,127,67)"
30,135,1,5–10%,33,188,0.17553191489361702,0.4308510638297872,"rgb(150,210,104)"
30,135,2,10–15%,7,188,0.03723404255319149,0.6063829787234043,"rgb(254,255,190)"
30,135,3,15–20%,6,188,0.031914893617021274,0.6436170212765958,"rgb(251,157,89)"
30,135,4,≥20%,24,188,0.1276595744680851,0.6755319148936171,"rgb(189,23,38)"
30,135,5,not lit,37,188,0.19680851063829788,0.8031914893617021,"rgb(140,140,140)"
30,150,0,0–5%,194,456,0.42543859649122806,0,"rgb(12,127,67)"
30,150,1,5–10%,52,456,0.11403508771929824,0.42543859649122806,"rgb(150,210,104)"
30,150,2,10–15%,30,456,0.06578947368421052,0.5394736842105263,"rgb(254,255,190)"
30,150,3,15–20%,25,456,0.05482456140350877,0.6052631578947368,"rgb(251,157,89)"
30,150,4,≥20%,58,456,0.12719298245614036,0.6600877192982456,"rgb(189,23,38)"
30,150,5,not lit,97,456,0.21271929824561403,0.7872807017543859,"rgb(140,140,140)"
30,165,0,0–5%,396,907,0.43660418963616315,0,"rgb(12,127,67)"
30,165,1,5–10%,107,907,0.11797133406835722,0.43660418963616315,"rgb(150,210,104)"
30,165,2,10–15%,53,907,0.05843439911797133,0.5545755237045203,"rgb(254,255,190)"
30,165,3,15–20%,38,907,0.04189636163175303,0.6130099228224917,"rgb(251,157,89)"
30,165,4,≥20%,113,907,0.12458654906284454,0.6549062844542447,"rgb(189,23,38)"
30,165,5,not lit,200,907,0.2205071664829107,0.7794928335170892,"rgb(140,140,140)"
30,180,0,0–5%,94,276,0.34057971014492755,0,"rgb(12,127,67)"
30,180,1,5–10%,39,276,0.14130434782608695,0.34057971014492755,"rgb(150,210,104)"
30,180,2,10–15%,21,276,0.07608695652173914,0.4818840579710145,"rgb(254,255,190)"
30,180,3,15–20%,14,276,0.050724637681159424,0.5579710144927537,"rgb(251,157,89)"
30,180,4,≥20%,58,276,0.21014492753623187,0.6086956521739131,"rgb(189,23,38)"
30,180,5,not lit,50,276,0.18115942028985507,0.818840579710145,"rgb(140,140,140)"
30,195,0,0–5%,321,610,0.5262295081967213,0,"rgb(12,127,67)"
30,195,1,5–10%,65,610,0.10655737704918032,0.5262295081967213,"rgb(150,210,104)"
30,195,2,10–15%,31,610,0.05081967213114754,0.6327868852459017,"rgb(254,255,190)"
30,195,3,15–20%,17,610,0.027868852459016394,0.6836065573770492,"rgb(251,157,89)"
30,195,4,≥20%,75,610,0.12295081967213115,0.7114754098360656,"rgb(189,23,38)"
30,195,5,not lit,101,610,0.16557377049180327,0.8344262295081968,"rgb(140,140,140)"
30,210,0,0–5%,718,1679,0.42763549731983325,0,"rgb(12,127,67)"
30,210,1,5–10%,319,1679,0.18999404407385348,0.42763549731983325,"rgb(150,210,104)"
30,210,2,10–15%,131,1679,0.07802263251935676,0.6176295413936868,"rgb(254,255,190)"
30,210,3,15–20%,51,1679,0.030375223347230494,0.6956521739130435,"rgb(251,157,89)"
30,210,4,≥20%,180,1679,0.1072066706372841,0.726027397260274,"rgb(189,23,38)"
30,210,5,not lit,280,1679,0.16676593210244192,0.833234067897558,"rgb(140,140,140)"
30,225,0,0–5%,91,197,0.4619289340101523,0,"rgb(12,127,67)"
30,225,1,5–10%,31,197,0.15736040609137056,0.4619289340101523,"rgb(150,210,104)"
30,225,2,10–15%,14,197,0.07106598984771574,0.6192893401015228,"rgb(254,255,190)"
30,225,3,15–20%,12,197,0.06091370558375635,0.6903553299492385,"rgb(251,157,89)"
30,225,4,≥20%,31,197,0.15736040609137056,0.7512690355329948,"rgb(189,23,38)"
30,225,5,not lit,18,197,0.09137055837563451,0.9086294416243654,"rgb(140,140,140)"
30,240,0,0–5%,172,407,0.4226044226044226,0,"rgb(12,127,67)"
30,240,1,5–10%,55,407,0.13513513513513514,0.4226044226044226,"rgb(150,210,104)"
30,240,2,10–15%,26,407,0.06388206388206388,0.5577395577395577,"rgb(254,255,190)"
30,240,3,15–20%,24,407,0.05896805896805897,0.6216216216216216,"rgb(251,157,89)"
30,240,4,≥20%,86,407,0.2113022113022113,0.6805896805896806,"rgb(189,23,38)"
30,240,5,not lit,44,407,0.10810810810810811,0.8918918918918919,"rgb(140,140,140)"
30,255,0,0–5%,388,815,0.47607361963190187,0,"rgb(12,127,67)"
30,255,1,5–10%,109,815,0.13374233128834356,0.47607361963190187,"rgb(150,210,104)"
30,255,2,10–15%,63,815,0.07730061349693251,0.6098159509202454,"rgb(254,255,190)"
30,255,3,15–20%,30,815,0.03680981595092025,0.6871165644171779,"rgb(251,157,89)"
30,255,4,≥20%,136,815,0.1668711656441718,0.7239263803680982,"rgb(189,23,38)"
30,255,5,not lit,89,815,0.10920245398773006,0.89079754601227,"rgb(140,140,140)"
30,270,0,0–5%,82,265,0.30943396226415093,0,"rgb(12,127,67)"
30,270,1,5–10%,35,265,0.1320754716981132,0.30943396226415093,"rgb(150,210,104)"
30,270,2,10–15%,17,265,0.06415094339622641,0.44150943396226416,"rgb(254,255,190)"
30,270,3,15–20%,14,265,0.052830188679245285,0.5056603773584906,"rgb(251,157,89)"
30,270,4,≥20%,86,265,0.32452830188679244,0.5584905660377358,"rgb(189,23,38)"
30,270,5,not lit,31,265,0.1169811320754717,0.8830188679245283,"rgb(140,140,140)"
30,285,0,0–5%,244,609,0.4006568144499179,0,"rgb(12,127,67)"
30,285,1,5–10%,91,609,0.14942528735632185,0.4006568144499179,"rgb(150,210,104)"
30,285,2,10–15%,34,609,0.05582922824302135,0.5500821018062397,"rgb(254,255,190)"
30,285,3,15–20%,19,609,0.031198686371100164,0.6059113300492611,"rgb(251,157,89)"
30,285,4,≥20%,117,609,0.1921182266009852,0.6371100164203612,"rgb(189,23,38)"
30,285,5,not lit,104,609,0.17077175697865354,0.8292282430213465,"rgb(140,140,140)"
30,300,0,0–5%,521,1781,0.29253228523301517,0,"rgb(12,127,67)"
30,300,1,5–10%,244,1781,0.13700168444693991,0.29253228523301517,"rgb(150,210,104)"
30,300,2,10–15%,145,1781,0.08141493542953397,0.42953396967995505,"rgb(254,255,190)"
30,300,3,15–20%,85,1781,0.04772599663110612,0.510948905109489,"rgb(251,157,89)"
30,300,4,≥20%,301,1781,0.16900617630544637,0.5586749017405951,"rgb(189,23,38)"
30,300,5,not lit,485,1781,0.27231892195395846,0.7276810780460414,"rgb(140,140,140)"
30,315,0,0–5%,41,190,0.21578947368421053,0,"rgb(12,127,67)"
30,315,1,5–10%,32,190,0.16842105263157894,0.21578947368421053,"rgb(150,210,104)"
30,315,2,10–15%,25,190,0.13157894736842105,0.38421052631578945,"rgb(254,255,190)"
30,315,3,15–20%,15,190,0.07894736842105263,0.5157894736842105,"rgb(251,157,89)"
30,315,4,≥20%,51,190,0.26842105263157895,0.5947368421052631,"rgb(189,23,38)"
30,315,5,not lit,26,190,0.1368421052631579,0.8631578947368421,"rgb(140,140,140)"
30,330,0,0–5%,94,442,0.21266968325791855,0,"rgb(12,127,67)"
30,330,1,5–10%,57,442,0.12895927601809956,0.21266968325791855,"rgb(150,210,104)"
30,330,2,10–15%,33,442,0.0746606334841629,0.3416289592760181,"rgb(254,255,190)"
30,330,3,15–20%,27,442,0.06108597285067873,0.416289592760181,"rgb(251,157,89)"
30,330,4,≥20%,131,442,0.29638009049773756,0.47737556561085975,"rgb(189,23,38)"
30,330,5,not lit,100,442,0.22624434389140272,0.7737556561085973,"rgb(140,140,140)"
30,345,0,0–5%,200,924,0.21645021645021645,0,"rgb(12,127,67)"
30,345,1,5–10%,103,924,0.11147186147186147,0.21645021645021645,"rgb(150,210,104)"
30,345,2,10–15%,89,924,0.09632034632034632,0.32792207792207795,"rgb(254,255,190)"
30,345,3,15–20%,50,924,0.05411255411255411,0.42424242424242425,"rgb(251,157,89)"
30,345,4,≥20%,256,924,0.27705627705627706,0.47835497835497837,"rgb(189,23,38)"
30,345,5,not lit,226,924,0.24458874458874458,0.7554112554112554,"rgb(140,140,140)"
45,0,0,0–5%,39,290,0.13448275862068965,0,"rgb(12,127,67)"
45,0,1,5–10%,36,290,0.12413793103448276,0.13448275862068965,"rgb(150,210,104)"
45,0,2,10–15%,20,290,0.06896551724137931,0.2586206896551724,"rgb(254,255,190)"
45,0,3,15–20%,12,290,0.041379310344827586,0.3275862068965517,"rgb(251,157,89)"
45,0,4,≥20%,103,290,0.35517241379310344,0.36896551724137927,"rgb(189,23,38)"
45,0,5,not lit,80,290,0.27586206896551724,0.7241379310344827,"rgb(140,140,140)"
45,15,0,0–5%,122,637,0.19152276295133439,0,"rgb(12,127,67)"
45,15,1,5–10%,83,637,0.130298273155416,0.19152276295133439,"rgb(150,210,104)"
45,15,2,10–15%,43,637,0.06750392464678179,0.3218210361067504,"rgb(254,255,190)"
45,15,3,15–20%,38,637,0.059654631083202514,0.3893249607535322,"rgb(251,157,89)"
45,15,4,≥20%,225,637,0.3532182103610675,0.4489795918367347,"rgb(189,23,38)"
45,15,5,not lit,126,637,0.1978021978021978,0.8021978021978022,"rgb(140,140,140)"
45,30,0,0–5%,370,1703,0.2172636523781562,0,"rgb(12,127,67)"
45,30,1,5–10%,258,1703,0.15149735760422783,0.2172636523781562,"rgb(150,210,104)"
45,30,2,10–15%,194,1703,0.11391661773341162,0.36876100998238404,"rgb(254,255,190)"
45,30,3,15–20%,112,1703,0.06576629477392835,0.48267762771579564,"rgb(251,157,89)"
45,30,4,≥20%,403,1703,0.2366412213740458,0.548443922489724,"rgb(189,23,38)"
45,30,5,not lit,366,1703,0.21491485613623018,0.7850851438637698,"rgb(140,140,140)"
45,45,0,0–5%,43,187,0.22994652406417113,0,"rgb(12,127,67)"
45,45,1,5–10%,38,187,0.20320855614973263,0.22994652406417113,"rgb(150,210,104)"
45,45,2,10–15%,12,187,0.06417112299465241,0.43315508021390375,"rgb(254,255,190)"
45,45,3,15–20%,24,187,0.12834224598930483,0.49732620320855614,"rgb(251,157,89)"
45,45,4,≥20%,40,187,0.21390374331550802,0.625668449197861,"rgb(189,23,38)"
45,45,5,not lit,30,187,0.16042780748663102,0.839572192513369,"rgb(140,140,140)"
45,60,0,0–5%,153,412,0.3713592233009709,0,"rgb(12,127,67)"
45,60,1,5–10%,57,412,0.1383495145631068,0.3713592233009709,"rgb(150,210,104)"
45,60,2,10–15%,24,412,0.05825242718446602,0.5097087378640777,"rgb(254,255,190)"
45,60,3,15–20%,23,412,0.055825242718446605,0.5679611650485437,"rgb(251,157,89)"
45,60,4,≥20%,92,412,0.22330097087378642,0.6237864077669902,"rgb(189,23,38)"
45,60,5,not lit,63,412,0.1529126213592233,0.8470873786407767,"rgb(140,140,140)"
45,75,0,0–5%,312,826,0.37772397094430993,0,"rgb(12,127,67)"
45,75,1,5–10%,118,826,0.14285714285714285,0.37772397094430993,"rgb(150,210,104)"
45,75,2,10–15%,73,826,0.08837772397094432,0.5205811138014528,"rgb(254,255,190)"
45,75,3,15–20%,43,826,0.05205811138014528,0.6089588377723971,"rgb(251,157,89)"
45,75,4,≥20%,189,826,0.2288135593220339,0.6610169491525424,"rgb(189,23,38)"
45,75,5,not lit,91,826,0.11016949152542373,0.8898305084745763,"rgb(140,140,140)"
45,90,0,0–5%,74,286,0.25874125874125875,0,"rgb(12,127,67)"
45,90,1,5–10%,46,286,0.16083916083916083,0.25874125874125875,"rgb(150,210,104)"
45,90,2,10–15%,35,286,0.12237762237762238,0.4195804195804196,"rgb(254,255,190)"
45,90,3,15–20%,17,286,0.05944055944055944,0.541958041958042,"rgb(251,157,89)"
45,90,4,≥20%,78,286,0.2727272727272727,0.6013986013986015,"rgb(189,23,38)"
45,90,5,not lit,36,286,0.1258741258741259,0.8741258741258742,"rgb(140,140,140)"
45,105,0,0–5%,202,611,0.33060556464811786,0,"rgb(12,127,67)"
45,105,1,5–10%,86,611,0.1407528641571195,0.33060556464811786,"rgb(150,210,104)"
45,105,2,10–15%,55,611,0.09001636661211129,0.4713584288052374,"rgb(254,255,190)"
45,105,3,15–20%,31,611,0.05073649754500818,0.5613747954173487,"rgb(251,157,89)"
45,105,4,≥20%,112,611,0.18330605564648117,0.6121112929623569,"rgb(189,23,38)"
45,105,5,not lit,125,611,0.20458265139116202,0.7954173486088381,"rgb(140,140,140)"
45,120,0,0–5%,598,1778,0.3363329583802025,0,"rgb(12,127,67)"
45,120,1,5–10%,222,1778,0.12485939257592801,0.3363329583802025,"rgb(150,210,104)"
45,120,2,10–15%,134,1778,0.07536557930258718,0.46119235095613054,"rgb(254,255,190)"
45,120,3,15–20%,88,1778,0.049493813273340834,0.5365579302587177,"rgb(251,157,89)"
45,120,4,≥20%,252,1778,0.14173228346456693,0.5860517435320585,"rgb(189,23,38)"
45,120,5,not lit,484,1778,0.2722159730033746,0.7277840269966254,"rgb(140,140,140)"
45,135,0,0–5%,70,188,0.3723404255319149,0,"rgb(12,127,67)"
45,135,1,5–10%,33,188,0.17553191489361702,0.3723404255319149,"rgb(150,210,104)"
45,135,2,10–15%,12,188,0.06382978723404255,0.5478723404255319,"rgb(254,255,190)"
45,135,3,15–20%,6,188,0.031914893617021274,0.6117021276595744,"rgb(251,157,89)"
45,135,4,≥20%,28,188,0.14893617021276595,0.6436170212765957,"rgb(189,23,38)"
45,135,5,not lit,39,188,0.2074468085106383,0.7925531914893617,"rgb(140,140,140)"
45,150,0,0–5%,169,456,0.3706140350877193,0,"rgb(12,127,67)"
45,150,1,5–10%,61,456,0.1337719298245614,0.3706140350877193,"rgb(150,210,104)"
45,150,2,10–15%,41,456,0.08991228070175439,0.5043859649122807,"rgb(254,255,190)"
45,150,3,15–20%,23,456,0.05043859649122807,0.5942982456140351,"rgb(251,157,89)"
45,150,4,≥20%,66,456,0.14473684210526316,0.6447368421052632,"rgb(189,23,38)"
45,150,5,not lit,96,456,0.21052631578947367,0.7894736842105263,"rgb(140,140,140)"
45,165,0,0–5%,359,907,0.3958103638368247,0,"rgb(12,127,67)"
45,165,1,5–10%,107,907,0.11797133406835722,0.3958103638368247,"rgb(150,210,104)"
45,165,2,10–15%,65,907,0.07166482910694598,0.5137816979051819,"rgb(254,255,190)"
45,165,3,15–20%,29,907,0.03197353914002205,0.5854465270121278,"rgb(251,157,89)"
45,165,4,≥20%,137,907,0.15104740904079383,0.61742006615215,"rgb(189,23,38)"
45,165,5,not lit,210,907,0.23153252480705622,0.7684674751929438,"rgb(140,140,140)"
45,180,0,0–5%,84,276,0.30434782608695654,0,"rgb(12,127,67)"
45,180,1,5–10%,36,276,0.13043478260869565,0.30434782608695654,"rgb(150,210,104)"
45,180,2,10–15%,23,276,0.08333333333333333,0.4347826086956522,"rgb(254,255,190)"
45,180,3,15–20%,14,276,0.050724637681159424,0.5181159420289856,"rgb(251,157,89)"
45,180,4,≥20%,66,276,0.2391304347826087,0.568840579710145,"rgb(189,23,38)"
45,180,5,not lit,53,276,0.19202898550724637,0.8079710144927537,"rgb(140,140,140)"
45,195,0,0–5%,283,610,0.4639344262295082,0,"rgb(12,127,67)"
45,195,1,5–10%,89,610,0.14590163934426228,0.4639344262295082,"rgb(150,210,104)"
45,195,2,10–15%,39,610,0.06393442622950819,0.6098360655737705,"rgb(254,255,190)"
45,195,3,15–20%,21,610,0.03442622950819672,0.6737704918032786,"rgb(251,157,89)"
45,195,4,≥20%,76,610,0.12459016393442623,0.7081967213114754,"rgb(189,23,38)"
45,195,5,not lit,102,610,0.16721311475409836,0.8327868852459016,"rgb(140,140,140)"
45,210,0,0–5%,651,1679,0.38773079213817746,0,"rgb(12,127,67)"
45,210,1,5–10%,321,1679,0.19118522930315665,0.38773079213817746,"rgb(150,210,104)"
45,210,2,10–15%,149,1679,0.08874329958308518,0.5789160214413341,"rgb(254,255,190)"
45,210,3,15–20%,71,1679,0.04228707564026206,0.6676593210244193,"rgb(251,157,89)"
45,210,4,≥20%,188,1679,0.11197141155449672,0.7099463966646813,"rgb(189,23,38)"
45,210,5,not lit,299,1679,0.1780821917808219,0.821917808219178,"rgb(140,140,140)"
45,225,0,0–5%,82,197,0.41624365482233505,0,"rgb(12,127,67)"
45,225,1,5–10%,27,197,0.13705583756345177,0.41624365482233505,"rgb(150,210,104)"
45,225,2,10–15%,24,197,0.1218274111675127,0.5532994923857868,"rgb(254,255,190)"
45,225,3,15–20%,13,197,0.06598984771573604,0.6751269035532995,"rgb(251,157,89)"
45,225,4,≥20%,32,197,0.16243654822335024,0.7411167512690355,"rgb(189,23,38)"
45,225,5,not lit,19,197,0.09644670050761421,0.9035532994923858,"rgb(140,140,140)"
45,240,0,0–5%,159,407,0.3906633906633907,0,"rgb(12,127,67)"
45,240,1,5–10%,57,407,0.14004914004914004,0.3906633906633907,"rgb(150,210,104)"
45,240,2,10–15%,29,407,0.07125307125307126,0.5307125307125307,"rgb(254,255,190)"
45,240,3,15–20%,19,407,0.04668304668304668,0.6019656019656019,"rgb(251,157,89)"
45,240,4,≥20%,95,407,0.2334152334152334,0.6486486486486486,"rgb(189,23,38)"
45,240,5,not lit,48,407,0.11793611793611794,0.882063882063882,"rgb(140,140,140)"
45,255,0,0–5%,346,815,0.4245398773006135,0,"rgb(12,127,67)"
45,255,1,5–10%,115,815,0.1411042944785276,0.4245398773006135,"rgb(150,210,104)"
45,255,2,10–15%,68,815,0.0834355828220859,0.5656441717791411,"rgb(254,255,190)"
45,255,3,15–20%,36,815,0.044171779141104296,0.6490797546012269,"rgb(251,157,89)"
45,255,4,≥20%,157,815,0.19263803680981595,0.6932515337423312,"rgb(189,23,38)"
45,255,5,not lit,93,815,0.11411042944785275,0.8858895705521471,"rgb(140,140,140)"
45,270,0,0–5%,68,265,0.25660377358490566,0,"rgb(12,127,67)"
45,270,1,5–10%,32,265,0.12075471698113208,0.25660377358490566,"rgb(150,210,104)"
45,270,2,10–15%,31,265,0.1169811320754717,0.37735849056603776,"rgb(254,255,190)"
45,270,3,15–20%,18,265,0.06792452830188679,0.49433962264150944,"rgb(251,157,89)"
45,270,4,≥20%,81,265,0.30566037735849055,0.5622641509433962,"rgb(189,23,38)"
45,270,5,not lit,35,265,0.1320754716981132,0.8679245283018868,"rgb(140,140,140)"
45,285,0,0–5%,195,609,0.32019704433497537,0,"rgb(12,127,67)"
45,285,1,5–10%,93,609,0.15270935960591134,0.32019704433497537,"rgb(150,210,104)"
45,285,2,10–15%,57,609,0.09359605911330049,0.4729064039408867,"rgb(254,255,190)"
45,285,3,15–20%,26,609,0.042692939244663386,0.5665024630541872,"rgb(251,157,89)"
45,285,4,≥20%,132,609,0.21674876847290642,0.6091954022988506,"rgb(189,23,38)"
45,285,5,not lit,106,609,0.17405582922824303,0.825944170771757,"rgb(140,140,140)"
45,300,0,0–5%,430,1781,0.24143739472206627,0,"rgb(12,127,67)"
45,300,1,5–10%,239,1781,0.13419427288040428,0.24143739472206627,"rgb(150,210,104)"
45,300,2,10–15%,154,1781,0.08646827624929815,0.3756316676024706,"rgb(254,255,190)"
45,300,3,15–20%,100,1781,0.05614823133071308,0.4620999438517687,"rgb(251,157,89)"
45,300,4,≥20%,299,1781,0.1678832116788321,0.5182481751824818,"rgb(189,23,38)"
45,300,5,not lit,559,1781,0.31386861313868614,0.6861313868613139,"rgb(140,140,140)"
45,315,0,0–5%,38,190,0.2,0,"rgb(12,127,67)"
45,315,1,5–10%,24,190,0.12631578947368421,0.2,"rgb(150,210,104)"
45,315,2,10–15%,18,190,0.09473684210526316,0.3263157894736842,"rgb(254,255,190)"
45,315,3,15–20%,15,190,0.07894736842105263,0.4210526315789474,"rgb(251,157,89)"
45,315,4,≥20%,64,190,0.3368421052631579,0.5,"rgb(189,23,38)"
45,315,5,not lit,31,190,0.1631578947368421,0.8368421052631578,"rgb(140,140,140)"
45,330,0,0–5%,61,442,0.13800904977375567,0,"rgb(12,127,67)"
45,330,1,5–10%,39,442,0.08823529411764706,0.13800904977375567,"rgb(150,210,104)"
45,330,2,10–15%,33,442,0.0746606334841629,0.22624434389140274,"rgb(254,255,190)"
45,330,3,15–20%,30,442,0.06787330316742081,0.30090497737556565,"rgb(251,157,89)"
45,330,4,≥20%,161,442,0.36425339366515835,0.36877828054298645,"rgb(189,23,38)"
45,330,5,not lit,118,442,0.2669683257918552,0.7330316742081449,"rgb(140,140,140)"
45,345,0,0–5%,148,924,0.16017316017316016,0,"rgb(12,127,67)"
45,345,1,5–10%,68,924,0.0735930735930736,0.16017316017316016,"rgb(150,210,104)"
45,345,2,10–15%,62,924,0.0670995670995671,0.23376623376623376,"rgb(254,255,190)"
45,345,3,15–20%,50,924,0.05411255411255411,0.30086580086580084,"rgb(251,157,89)"
45,345,4,≥20%,320,924,0.3463203463203463,0.35497835497835495,"rgb(189,23,38)"
45,345,5,not lit,276,924,0.2987012987012987,0.7012987012987013,"rgb(140,140,140)"
60,0,0,0–5%,27,290,0.09310344827586207,0,"rgb(12,127,67)"
60,0,1,5–10%,27,290,0.09310344827586207,0.09310344827586207,"rgb(150,210,104)"
60,0,2,10–15%,20,290,0.06896551724137931,0.18620689655172415,"rgb(254,255,190)"
60,0,3,15–20%,19,290,0.06551724137931035,0.25517241379310346,"rgb(251,157,89)"
60,0,4,≥20%,112,290,0.38620689655172413,0.3206896551724138,"rgb(189,23,38)"
60,0,5,not lit,85,290,0.29310344827586204,0.7068965517241379,"rgb(140,140,140)"
60,15,0,0–5%,90,637,0.141287284144427,0,"rgb(12,127,67)"
60,15,1,5–10%,63,637,0.0989010989010989,0.141287284144427,"rgb(150,210,104)"
60,15,2,10–15%,55,637,0.08634222919937205,0.24018838304552592,"rgb(254,255,190)"
60,15,3,15–20%,43,637,0.06750392464678179,0.326530612244898,"rgb(251,157,89)"
60,15,4,≥20%,245,637,0.38461538461538464,0.3940345368916798,"rgb(189,23,38)"
60,15,5,not lit,141,637,0.22135007849293564,0.7786499215070644,"rgb(140,140,140)"
60,30,0,0–5%,251,1703,0.1473869641808573,0,"rgb(12,127,67)"
60,30,1,5–10%,239,1703,0.14034057545507928,0.1473869641808573,"rgb(150,210,104)"
60,30,2,10–15%,220,1703,0.12918379330593072,0.28772753963593656,"rgb(254,255,190)"
60,30,3,15–20%,117,1703,0.06870229007633588,0.4169113329418673,"rgb(251,157,89)"
60,30,4,≥20%,448,1703,0.2630651790957134,0.48561362301820316,"rgb(189,23,38)"
60,30,5,not lit,428,1703,0.25132119788608337,0.7486788021139166,"rgb(140,140,140)"
60,45,0,0–5%,31,187,0.1657754010695187,0,"rgb(12,127,67)"
60,45,1,5–10%,31,187,0.1657754010695187,0.1657754010695187,"rgb(150,210,104)"
60,45,2,10–15%,18,187,0.0962566844919786,0.3315508021390374,"rgb(254,255,190)"
60,45,3,15–20%,13,187,0.06951871657754011,0.42780748663101603,"rgb(251,157,89)"
60,45,4,≥20%,57,187,0.3048128342245989,0.49732620320855614,"rgb(189,23,38)"
60,45,5,not lit,37,187,0.19786096256684493,0.8021390374331551,"rgb(140,140,140)"
60,60,0,0–5%,134,412,0.32524271844660196,0,"rgb(12,127,67)"
60,60,1,5–10%,52,412,0.1262135922330097,0.32524271844660196,"rgb(150,210,104)"
60,60,2,10–15%,30,412,0.07281553398058252,0.45145631067961167,"rgb(254,255,190)"
60,60,3,15–20%,16,412,0.038834951456310676,0.5242718446601942,"rgb(251,157,89)"
60,60,4,≥20%,114,412,0.2766990291262136,0.5631067961165048,"rgb(189,23,38)"
60,60,5,not lit,66,412,0.16019417475728157,0.8398058252427184,"rgb(140,140,140)"
60,75,0,0–5%,247,826,0.2990314769975787,0,"rgb(12,127,67)"
60,75,1,5–10%,114,826,0.13801452784503632,0.2990314769975787,"rgb(150,210,104)"
60,75,2,10–15%,83,826,0.10048426150121065,0.437046004842615,"rgb(254,255,190)"
60,75,3,15–20%,33,826,0.039951573849878935,0.5375302663438257,"rgb(251,157,89)"
60,75,4,≥20%,243,826,0.29418886198547217,0.5774818401937046,"rgb(189,23,38)"
60,75,5,not lit,106,826,0.12832929782082325,0.8716707021791767,"rgb(140,140,140)"
60,90,0,0–5%,59,286,0.2062937062937063,0,"rgb(12,127,67)"
60,90,1,5–10%,40,286,0.13986013986013987,0.2062937062937063,"rgb(150,210,104)"
60,90,2,10–15%,31,286,0.10839160839160839,0.34615384615384615,"rgb(254,255,190)"
60,90,3,15–20%,18,286,0.06293706293706294,0.45454545454545453,"rgb(251,157,89)"
60,90,4,≥20%,101,286,0.3531468531468531,0.5174825174825175,"rgb(189,23,38)"
60,90,5,not lit,37,286,0.12937062937062938,0.8706293706293706,"rgb(140,140,140)"
60,105,0,0–5%,183,611,0.2995090016366612,0,"rgb(12,127,67)"
60,105,1,5–10%,84,611,0.13747954173486088,0.2995090016366612,"rgb(150,210,104)"
60,105,2,10–15%,58,611,0.09492635024549918,0.4369885433715221,"rgb(254,255,190)"
60,105,3,15–20%,33,611,0.054009819967266774,0.5319148936170213,"rgb(251,157,89)"
60,105,4,≥20%,119,611,0.19476268412438624,0.585924713584288,"rgb(189,23,38)"
60,105,5,not lit,134,611,0.2193126022913257,0.7806873977086742,"rgb(140,140,140)"
60,120,0,0–5%,510,1778,0.28683914510686165,0,"rgb(12,127,67)"
60,120,1,5–10%,240,1778,0.13498312710911137,0.28683914510686165,"rgb(150,210,104)"
60,120,2,10–15%,142,1778,0.0798650168728909,0.421822272215973,"rgb(254,255,190)"
60,120,3,15–20%,80,1778,0.04499437570303712,0.501687289088864,"rgb(251,157,89)"
60,120,4,≥20%,273,1778,0.15354330708661418,0.5466816647919011,"rgb(189,23,38)"
60,120,5,not lit,533,1778,0.2997750281214848,0.7002249718785152,"rgb(140,140,140)"
60,135,0,0–5%,67,188,0.35638297872340424,0,"rgb(12,127,67)"
60,135,1,5–10%,35,188,0.18617021276595744,0.35638297872340424,"rgb(150,210,104)"
60,135,2,10–15%,8,188,0.0425531914893617,0.5425531914893617,"rgb(254,255,190)"
60,135,3,15–20%,8,188,0.0425531914893617,0.5851063829787233,"rgb(251,157,89)"
60,135,4,≥20%,31,188,0.16489361702127658,0.627659574468085,"rgb(189,23,38)"
60,135,5,not lit,39,188,0.2074468085106383,0.7925531914893615,"rgb(140,140,140)"
60,150,0,0–5%,155,456,0.3399122807017544,0,"rgb(12,127,67)"
60,150,1,5–10%,61,456,0.1337719298245614,0.3399122807017544,"rgb(150,210,104)"
60,150,2,10–15%,33,456,0.07236842105263158,0.4736842105263158,"rgb(254,255,190)"
60,150,3,15–20%,10,456,0.021929824561403508,0.5460526315789473,"rgb(251,157,89)"
60,150,4,≥20%,91,456,0.19956140350877194,0.5679824561403508,"rgb(189,23,38)"
60,150,5,not lit,106,456,0.2324561403508772,0.7675438596491228,"rgb(140,140,140)"
60,165,0,0–5%,300,907,0.33076074972436603,0,"rgb(12,127,67)"
60,165,1,5–10%,128,907,0.14112458654906285,0.33076074972436603,"rgb(150,210,104)"
60,165,2,10–15%,62,907,0.06835722160970231,0.4718853362734289,"rgb(254,255,190)"
60,165,3,15–20%,32,907,0.03528114663726571,0.5402425578831311,"rgb(251,157,89)"
60,165,4,≥20%,170,907,0.1874310915104741,0.5755237045203968,"rgb(189,23,38)"
60,165,5,not lit,215,907,0.237045203969129,0.7629547960308709,"rgb(140,140,140)"
60,180,0,0–5%,70,276,0.2536231884057971,0,"rgb(12,127,67)"
60,180,1,5–10%,36,276,0.13043478260869565,0.2536231884057971,"rgb(150,210,104)"
60,180,2,10–15%,28,276,0.10144927536231885,0.3840579710144928,"rgb(254,255,190)"
60,180,3,15–20%,14,276,0.050724637681159424,0.48550724637681164,"rgb(251,157,89)"
60,180,4,≥20%,73,276,0.2644927536231884,0.5362318840579711,"rgb(189,23,38)"
60,180,5,not lit,55,276,0.19927536231884058,0.8007246376811594,"rgb(140,140,140)"
60,195,0,0–5%,260,610,0.4262295081967213,0,"rgb(12,127,67)"
60,195,1,5–10%,94,610,0.1540983606557377,0.4262295081967213,"rgb(150,210,104)"
60,195,2,10–15%,41,610,0.06721311475409836,0.580327868852459,"rgb(254,255,190)"
60,195,3,15–20%,27,610,0.04426229508196721,0.6475409836065573,"rgb(251,157,89)"
60,195,4,≥20%,84,610,0.1377049180327869,0.6918032786885245,"rgb(189,23,38)"
60,195,5,not lit,104,610,0.17049180327868851,0.8295081967213114,"rgb(140,140,140)"
60,210,0,0–5%,584,1679,0.34782608695652173,0,"rgb(12,127,67)"
60,210,1,5–10%,298,1679,0.17748659916617035,0.34782608695652173,"rgb(150,210,104)"
60,210,2,10–15%,161,1679,0.0958904109589041,0.5253126861226921,"rgb(254,255,190)"
60,210,3,15–20%,81,1679,0.048243001786777845,0.6212030970815963,"rgb(251,157,89)"
60,210,4,≥20%,255,1679,0.15187611673615248,0.6694460988683741,"rgb(189,23,38)"
60,210,5,not lit,300,1679,0.1786777843954735,0.8213222156045266,"rgb(140,140,140)"
60,225,0,0–5%,70,197,0.3553299492385787,0,"rgb(12,127,67)"
60,225,1,5–10%,34,197,0.17258883248730963,0.3553299492385787,"rgb(150,210,104)"
60,225,2,10–15%,12,197,0.06091370558375635,0.5279187817258884,"rgb(254,255,190)"
60,225,3,15–20%,21,197,0.1065989847715736,0.5888324873096447,"rgb(251,157,89)"
60,225,4,≥20%,37,197,0.18781725888324874,0.6954314720812182,"rgb(189,23,38)"
60,225,5,not lit,23,197,0.116751269035533,0.883248730964467,"rgb(140,140,140)"
60,240,0,0–5%,149,407,0.36609336609336607,0,"rgb(12,127,67)"
60,240,1,5–10%,50,407,0.12285012285012285,0.36609336609336607,"rgb(150,210,104)"
60,240,2,10–15%,32,407,0.07862407862407862,0.48894348894348894,"rgb(254,255,190)"
60,240,3,15–20%,19,407,0.04668304668304668,0.5675675675675675,"rgb(251,157,89)"
60,240,4,≥20%,106,407,0.26044226044226043,0.6142506142506142,"rgb(189,23,38)"
60,240,5,not lit,51,407,0.12530712530712532,0.8746928746928746,"rgb(140,140,140)"
60,255,0,0–5%,301,815,0.3693251533742331,0,"rgb(12,127,67)"
60,255,1,5–10%,106,815,0.13006134969325153,0.3693251533742331,"rgb(150,210,104)"
60,255,2,10–15%,74,815,0.09079754601226994,0.49938650306748467,"rgb(254,255,190)"
60,255,3,15–20%,49,815,0.06012269938650307,0.5901840490797546,"rgb(251,157,89)"
60,255,4,≥20%,193,815,0.23680981595092024,0.6503067484662577,"rgb(189,23,38)"
60,255,5,not lit,92,815,0.11288343558282209,0.8871165644171779,"rgb(140,140,140)"
60,270,0,0–5%,56,265,0.21132075471698114,0,"rgb(12,127,67)"
60,270,1,5–10%,33,265,0.12452830188679245,0.21132075471698114,"rgb(150,210,104)"
60,270,2,10–15%,19,265,0.07169811320754717,0.3358490566037736,"rgb(254,255,190)"
60,270,3,15–20%,21,265,0.07924528301886792,0.4075471698113208,"rgb(251,157,89)"
60,270,4,≥20%,98,265,0.36981132075471695,0.4867924528301887,"rgb(189,23,38)"
60,270,5,not lit,38,265,0.14339622641509434,0.8566037735849057,"rgb(140,140,140)"
60,285,0,0–5%,184,609,0.3021346469622332,0,"rgb(12,127,67)"
60,285,1,5–10%,90,609,0.1477832512315271,0.3021346469622332,"rgb(150,210,104)"
60,285,2,10–15%,52,609,0.08538587848932677,0.44991789819376027,"rgb(254,255,190)"
60,285,3,15–20%,36,609,0.059113300492610835,0.535303776683087,"rgb(251,157,89)"
60,285,4,≥20%,135,609,0.22167487684729065,0.5944170771756979,"rgb(189,23,38)"
60,285,5,not lit,112,609,0.1839080459770115,0.8160919540229885,"rgb(140,140,140)"
60,300,0,0–5%,375,1781,0.21055586749017405,0,"rgb(12,127,67)"
60,300,1,5–10%,207,1781,0.11622683885457608,0.21055586749017405,"rgb(150,210,104)"
60,300,2,10–15%,163,1781,0.09152161706906232,0.32678270634475015,"rgb(254,255,190)"
60,300,3,15–20%,99,1781,0.05558674901740595,0.41830432341381246,"rgb(251,157,89)"
60,300,4,≥20%,348,1781,0.19539584503088153,0.4738910724312184,"rgb(189,23,38)"
60,300,5,not lit,589,1781,0.33071308253790005,0.6692869174620999,"rgb(140,140,140)"
60,315,0,0–5%,28,190,0.14736842105263157,0,"rgb(12,127,67)"
60,315,1,5–10%,20,190,0.10526315789473684,0.14736842105263157,"rgb(150,210,104)"
60,315,2,10–15%,17,190,0.08947368421052632,0.25263157894736843,"rgb(254,255,190)"
60,315,3,15–20%,17,190,0.08947368421052632,0.34210526315789475,"rgb(251,157,89)"
60,315,4,≥20%,70,190,0.3684210526315789,0.43157894736842106,"rgb(189,23,38)"
60,315,5,not lit,38,190,0.2,0.8,"rgb(140,140,140)"
60,330,0,0–5%,46,442,0.10407239819004525,0,"rgb(12,127,67)"
60,330,1,5–10%,28,442,0.06334841628959276,0.10407239819004525,"rgb(150,210,104)"
60,330,2,10–15%,25,442,0.05656108597285068,0.16742081447963802,"rgb(254,255,190)"
60,330,3,15–20%,24,442,0.05429864253393665,0.2239819004524887,"rgb(251,157,89)"
60,330,4,≥20%,193,442,0.43665158371040724,0.27828054298642535,"rgb(189,23,38)"
60,330,5,not lit,126,442,0.2850678733031674,0.7149321266968326,"rgb(140,140,140)"
60,345,0,0–5%,114,924,0.12337662337662338,0,"rgb(12,127,67)"
60,345,1,5–10%,60,924,0.06493506493506493,0.12337662337662338,"rgb(150,210,104)"
60,345,2,10–15%,58,924,0.06277056277056277,0.18831168831168832,"rgb(254,255,190)"
60,345,3,15–20%,55,924,0.05952380952380952,0.2510822510822511,"rgb(251,157,89)"
60,345,4,≥20%,345,924,0.37337662337662336,0.3106060606060606,"rgb(189,23,38)"
60,345,5,not lit,292,924,0.31601731601731603,0.6839826839826839,"rgb(140,140,140)"
