latitude,id,family,m,ratio,cost,error,numerator,denominator,color,selected
0,6cd52c9bc8413fd0,MF,0,0.01,0.011759737012504018,0.19000267155811212,1115879.886693439,5872969.4563907655,#4C78A8,false
0,c84bdea16f32f98f,MF,0,0.02,0.020877703435246517,0.16053409234068125,942811.8210262357,5872969.4563907655,#4C78A8,false
0,92509a4487fb049e,MF,0,0.05,0.04997992859681482,0.12399464623144978,728216.7700732829,5872969.4563907655,#4C78A8,false
0,84910c2b0412848d,MF,0,0.1,0.09998428637446223,0.1019115965400825,598523.6937319234,5872969.4563907655,#4C78A8,false
0,031f112e5c4cf361,MF,0,0.2,0.20008062823660575,0.0786249307272162,461761.81667178054,5872969.4563907655,#4C78A8,false
0,3707057ec933dfea,MF,0,0.35,0.34992124076956094,0.057757286850497046,339206.78155696916,5872969.4563907655,#4C78A8,false
0,4acb6086578a45d2,MF,0,0.5,0.49996827455965037,0.04440152935993331,260768.82574792614,5872969.4563907655,#4C78A8,false
0,910b849b9f88b2ce,MF+SF,1,0.01,0.06377238243289854,0.14537416507823697,853778.0312527948,5872969.4563907655,#F58518,false
0,eb7cf93e607fec24,MF+SF,1,0.02,0.07241045588602302,0.11923036738082178,700236.3059018161,5872969.4563907655,#F58518,false
0,2ee080f94d11e0eb,MF+SF,1,0.05,0.09998098498645615,0.08552969037465372,502313.25918490055,5872969.4563907655,#F58518,false
0,1409585c91dc73a1,MF+SF,1,0.1,0.14735353446001684,0.06657937439489858,391018.63224684476,5872969.4563907655,#F58518,false
0,b24801b3365fed68,MF+SF,1,0.2,0.24218164780310017,0.04818633882477854,282996.8961332209,5872969.4563907655,#F58518,false
0,785553f0c30b5763,MF+SF,1,0.35,0.3841359123080051,0.03215847346434375,188865.73242024376,5872969.4563907655,#F58518,false
0,188dc42bd4bc80fd,MF+SF,1,0.5,0.5262857337933531,0.021264274856792227,124884.43674623888,5872969.4563907655,#F58518,false
0,ecd7558669a1757f,SF,1,0.01,0.06377238243289854,0.1670077887218061,980831.6421425295,5872969.4563907655,#F58518,false
0,6574c7bb9c60262a,SF,1,0.02,0.07241045588602302,0.14365549414360326,843684.3293481044,5872969.4563907655,#F58518,false
0,a1a13488340e570a,SF,1,0.05,0.09998098498645615,0.12015492527981551,705666.2062032712,5872969.4563907655,#F58518,false
0,a23e34b2f9a36a6e,SF,1,0.1,0.14735353446001684,0.1053538261474588,618739.8030779284,5872969.4563907655,#F58518,false
0,a1c635bdc08218d7,SF,1,0.2,0.24218164780310017,0.08630597088453558,506872.3309090282,5872969.4563907655,#F58518,false
0,048c516146700bb1,SF,1,0.35,0.3841359123080051,0.0625588257605913,367406.0729196245,5872969.4563907655,#F58518,false
0,4ba04a2546e1f79d,SF,1,0.5,0.5262857337933531,0.04175767298646259,245241.53801944855,5872969.4563907655,#F58518,false
0,2ce57ccc3fc59a00,MF+SF,2,0.01,0.11578502785329306,0.12514005224941965,734943.7046319861,5872969.4563907655,#54A24B,false
0,a9d08fba3f83d52e,MF+SF,2,0.02,0.1239432083367995,0.0991730836371343,582440.4910969766,5872969.4563907655,#54A24B,false
0,e4f15065e9975e62,MF+SF,2,0.05,0.14998204137609747,0.06420641018867483,377082.2859425841,5872969.4563907655,#54A24B,false
0,c81cf943f00a3372,MF+SF,2,0.1,0.19472278254557146,0.046243737064841986,271588.05533118255,5872969.4563907655,#54A24B,false
0,a6760b0100b1ffc9,MF+SF,2,0.2,0.28428266736959457,0.030299509073926065,177948.09133480262,5872969.4563907655,#54A24B,false
0,0308f3ae65f79480,MF+SF,2,0.35,0.4183505838464493,0.017811284985822257,104605.13270080555,5872969.4563907655,#54A24B,false
0,c9d93e5f19d85b38,MF+SF,2,0.5,0.5526031930270556,0.010491587148486008,61616.770872120214,5872969.4563907655,#54A24B,false
0,5d7141ec86d67657,SF,2,0.01,0.11578502785329306,0.11174408635664906,656269.606104892,5872969.4563907655,#54A24B,false
0,b2fef391172656c1,SF,2,0.02,0.1239432083367995,0.08684520567035271,510039.24033595563,5872969.4563907655,#54A24B,false
0,96a6ae5dfa507555,SF,2,0.05,0.14998204137609747,0.05976953596332112,351024.65913523437,5872969.4563907655,#54A24B,false
0,7d1bf613519e8cb1,SF,2,0.1,0.19472278254557146,0.04527685388214871,265909.579931327,5872969.4563907655,#54A24B,false
0,528e26e84cee2430,SF,2,0.2,0.28428266736959457,0.031202751535248995,183252.8067218674,5872969.4563907655,#54A24B,false
0,d8cc553777aeb66e,SF,2,0.35,0.4183505838464493,0.019941798427623957,117117.5730709369,5872969.4563907655,#54A24B,false
0,38266c7b3de97021,SF,2,0.5,0.5526031930270556,0.012870490845079578,75587.99962190933,5872969.4563907655,#54A24B,false
0,6edbb8097bc77054,MF+SF,3,0.01,0.16779767327368758,0.11491968559898977,674919.8034608966,5872969.4563907655,#B279A2,false
0,cb391d3977990c10,MF+SF,3,0.02,0.17547596078757602,0.09035960228871431,530679.1843332363,5872969.4563907655,#B279A2,false
0,41a0c11fb367a663,MF+SF,3,0.05,0.1999830977657388,0.057512067578968734,337766.616265165,5872969.4563907655,#B279A2,false
0,8dc245111c8c0751,MF+SF,3,0.1,0.24209203063112605,0.04054436057195028,238115.79126795803,5872969.4563907655,#B279A2,false
0,bea9a221692984be,MF+SF,3,0.2,0.32638368693608905,0.025685091743305206,150847.75929302612,5872969.4563907655,#B279A2,false
0,b2822fa3c084ca0c,MF+SF,3,0.35,0.4525652553848934,0.014505423179429412,85189.90728481156,5872969.4563907655,#B279A2,false
0,7a575b5bdbd82d08,MF+SF,3,0.5,0.5789206522607582,0.00818316717829349,48059.49089465707,5872969.4563907655,#B279A2,false
0,c1795dfd90543d9f,SF,3,0.01,0.16779767327368758,0.09939126176593828,583721.8445834948,5872969.4563907655,#B279A2,false
0,0dfbc6fb684fecfc,SF,3,0.02,0.17547596078757602,0.07575097242850706,444883.147364521,5872969.4563907655,#B279A2,false
0,d8cd672cd8470116,SF,3,0.05,0.1999830977657388,0.0503065354409737,295448.7461016781,5872969.4563907655,#B279A2,false
0,c5565005198482df,SF,3,0.1,0.24209203063112605,0.036609392304805186,215005.84282314798,5872969.4563907655,#B279A2,false
0,9473b128e73baa7f,SF,3,0.2,0.32638368693608905,0.023757969446056806,139529.82890255665,5872969.4563907655,#B279A2,true
0,17e14e38b27d877e,SF,3,0.35,0.4525652553848934,0.013876012102656326,81493.39525540921,5872969.4563907655,#B279A2,false
0,5efbca017834c43c,SF,3,0.5,0.5789206522607582,0.008087669265610716,47498.63457032207,5872969.4563907655,#B279A2,false
15,6cd52c9bc8413fd0,MF,0,0.01,0.011759737012504018,0.19795843475796268,1108797.7971073985,5601164.701383346,#4C78A8,false
15,c84bdea16f32f98f,MF,0,0.02,0.020877703435246517,0.16662037015824363,933268.1358617812,5601164.701383346,#4C78A8,false
15,92509a4487fb049e,MF,0,0.05,0.04997992859681482,0.12866047813352585,720648.5285846088,5601164.701383346,#4C78A8,false
15,84910c2b0412848d,MF,0,0.1,0.09998428637446223,0.10541995612571226,590474.5370727205,5601164.701383346,#4C78A8,false
15,031f112e5c4cf361,MF,0,0.2,0.20008062823660575,0.08144903921603538,456209.4834184453,5601164.701383346,#4C78A8,false
15,3707057ec933dfea,MF,0,0.35,0.34992124076956094,0.06008241915120342,336531.52532343933,5601164.701383346,#4C78A8,false
15,4acb6086578a45d2,MF,0,0.5,0.49996827455965037,0.0463704420339315,259728.4831079997,5601164.701383346,#4C78A8,false
15,910b849b9f88b2ce,MF+SF,1,0.01,0.06377238243289854,0.15595561487363216,873533.0850127239,5601164.701383346,#F58518,false
15,eb7cf93e607fec24,MF+SF,1,0.02,0.07241045588602302,0.12727804259786824,712905.2794603454,5601164.701383346,#F58518,false
15,2ee080f94d11e0eb,MF+SF,1,0.05,0.09998098498645615,0.09115412570324247,510569.27127446205,5601164.701383346,#F58518,false
15,1409585c91dc73a1,MF+SF,1,0.1,0.14735353446001684,0.0710744427723559,398099.66002701054,5601164.701383346,#F58518,false
15,b24801b3365fed68,MF+SF,1,0.2,0.24218164780310017,0.05145422430710722,288203.5849260299,5601164.701383346,#F58518,false
15,785553f0c30b5763,MF+SF,1,0.35,0.3841359123080051,0.03382984400130263,189486.52807340142,5601164.701383346,#F58518,false
15,188dc42bd4bc80fd,MF+SF,1,0.5,0.5262857337933531,0.02219844144803409,124337.12666445354,5601164.701383346,#F58518,false
15,ecd7558669a1757f,SF,1,0.01,0.06377238243289854,0.1758477869182822,984952.4169030624,5601164.701383346,#F58518,false
15,6574c7bb9c60262a,SF,1,0.02,0.07241045588602302,0.1532450608397766,858350.8254370999,5601164.701383346,#F58518,false
15,a1a13488340e570a,SF,1,0.05,0.09998098498645615,0.12609808789834007,706296.1588481168,5601164.701383346,#F58518,false
15,a23e34b2f9a36a6e,SF,1,0.1,0.14735353446001684,0.11084754313143803,620875.3458228786,5601164.701383346,#F58518,false
15,a1c635bdc08218d7,SF,1,0.2,0.24218164780310017,0.0882505227120879,494305.712693576,5601164.701383346,#F58518,false
15,048c516146700bb1,SF,1,0.35,0.3841359123080051,0.06506581123082797,364444.32513298566,5601164.701383346,#F58518,false
15,4ba04a2546e1f79d,SF,1,0.5,0.5262857337933531,0.04900777120296224,274500.59815550334,5601164.701383346,#F58518,false
15,2ce57ccc3fc59a00,MF+SF,2,0.01,0.11578502785329306,0.13075894482452105,732402.3861412398,5601164.701383346,#54A24B,false
15,a9d08fba3f83d52e,MF+SF,2,0.02,0.1239432083367995,0.10334905315352183,578875.0684448977,5601164.701383346,#54A24B,false
15,e4f15065e9975e62,MF+SF,2,0.05,0.14998204137609747,0.06744417123916298,377765.9112588535,5601164.701383346,#54A24B,false
15,c81cf943f00a3372,MF+SF,2,0.1,0.19472278254557146,0.04861240633625555,272286.0944199387,5601164.701383346,#54A24B,false
15,a6760b0100b1ffc9,MF+SF,2,0.2,0.28428266736959457,0.0319426661264843,178916.13397573732,5601164.701383346,#54A24B,false
15,0308f3ae65f79480,MF+SF,2,0.35,0.4183505838464493,0.018981770658999406,106320.02378494156,5601164.701383346,#54A24B,false
15,c9d93e5f19d85b38,MF+SF,2,0.5,0.5526031930270556,0.011186307174848685,62656.34888659371,5601164.701383346,#54A24B,false
15,5d7141ec86d67657,SF,2,0.01,0.11578502785329306,0.11659002252640877,653039.9187084099,5601164.701383346,#54A24B,false
15,b2fef391172656c1,SF,2,0.02,0.1239432083367995,0.09036705814134945,506160.776229183,5601164.701383346,#54A24B,false
15,96a6ae5dfa507555,SF,2,0.05,0.14998204137609747,0.06325369395938309,354294.3578374015,5601164.701383346,#54A24B,false
15,7d1bf613519e8cb1,SF,2,0.1,0.19472278254557146,0.047753277908346284,267473.97459557833,5601164.701383346,#54A24B,false
15,528e26e84cee2430,SF,2,0.2,0.28428266736959457,0.03330561382537929,186550.22851661962,5601164.701383346,#54A24B,false
15,d8cc553777aeb66e,SF,2,0.35,0.4183505838464493,0.021318808552389462,119410.15793919325,5601164.701383346,#54A24B,false
15,38266c7b3de97021,SF,2,0.5,0.5526031930270556,0.013915943125634956,77945.48942176474,5601164.701383346,#54A24B,false
15,6edbb8097bc77054,MF+SF,3,0.01,0.16779767327368758,0.11874050968740947,665085.1514853851,5601164.701383346,#B279A2,false
15,cb391d3977990c10,MF+SF,3,0.02,0.17547596078757602,0.0924691971084676,517935.20280920767,5601164.701383346,#B279A2,false
15,41a0c11fb367a663,MF+SF,3,0.05,0.1999830977657388,0.058889961779379496,329852.3751844748,5601164.701383346,#B279A2,false
15,8dc245111c8c0751,MF+SF,3,0.1,0.24209203063112605,0.041520546730552166,232563.42072930647,5601164.701383346,#B279A2,false
15,bea9a221692984be,MF+SF,3,0.2,0.32638368693608905,0.0262481110530541,147019.99310835666,5601164.701383346,#B279A2,false
15,b2822fa3c084ca0c,MF+SF,3,0.35,0.4525652553848934,0.014777867926132804,82773.27218956017,5601164.701383346,#B279A2,false
15,7a575b5bdbd82d08,MF+SF,3,0.5,0.5789206522607582,0.00827907126085483,46372.441706537385,5601164.701383346,#B279A2,false
15,c1795dfd90543d9f,SF,3,0.01,0.16779767327368758,0.10078616663318357,564519.9189335278,5601164.701383346,#B279A2,false
15,0dfbc6fb684fecfc,SF,3,0.02,0.17547596078757602,0.07661590061243764,429138.2780750804,5601164.701383346,#B279A2,false
15,d8cd672cd8470116,SF,3,0.05,0.1999830977657388,0.051339414977406614,287560.5189611214,5601164.701383346,#B279A2,false
15,c5565005198482df,SF,3,0.1,0.24209203063112605,0.03718983260680116,208306.37764757,5601164.701383346,#B279A2,false
15,9473b128e73baa7f,SF,3,0.2,0.32638368693608905,0.023884380371847088,133780.34825320315,5601164.701383346,#B279A2,true
15,17e14e38b27d877e,SF,3,0.35,0.4525652553848934,0.013749340050911277,77012.31816048054,5601164.701383346,#B279A2,false
15,5efbca017834c43c,SF,3,0.5,0.5789206522607582,0.007833423865597931,43876.29724696101,5601164.701383346,#B279A2,false
30,6cd52c9bc8413fd0,MF,0,0.01,0.011759737012504018,0.2197482287558817,1065586.448610631,4849124.175623691,#4C78A8,false
30,c84bdea16f32f98f,MF,0,0.02,0.020877703435246517,0.18404631448764905,892463.4330164997,4849124.175623691,#4C78A8,false
30,92509a4487fb049e,MF,0,0.05,0.04997992859681482,0.14186037601153062,687898.5788805801,4849124.175623691,#4C78A8,false
30,84910c2b0412848d,MF,0,0.1,0.09998428637446223,0.1160238124273324,562613.8737894059,4849124.175623691,#4C78A8,false
30,031f112e5c4cf361,MF,0,0.2,0.20008062823660575,0.08954258676824516,434203.12224577955,4849124.175623691,#4C78A8,false
30,3707057ec933dfea,MF,0,0.35,0.34992124076956094,0.0662296804990184,321155.94485162303,4849124.175623691,#4C78A8,false
30,4acb6086578a45d2,MF,0,0.5,0.49996827455965037,0.05131872433697623,248850.86684459928,4849124.175623691,#4C78A8,false
30,910b849b9f88b2ce,MF+SF,1,0.01,0.06377238243289854,0.1664075170837012,806930.7140960877,4849124.175623691,#F58518,false
30,eb7cf93e607fec24,MF+SF,1,0.02,0.07241045588602302,0.1328117074238848,644020.4612750201,4849124.175623691,#F58518,false
30,2ee080f94d11e0eb,MF+SF,1,0.05,0.09998098498645615,0.09273120526901488,449665.12930470303,4849124.175623691,#F58518,false
30,1409585c91dc73a1,MF+SF,1,0.1,0.14735353446001684,0.07014267582009617,340130.54506216367,4849124.175623691,#F58518,false
30,b24801b3365fed68,MF+SF,1,0.2,0.24218164780310017,0.04855233335827502,235436.29347055196,4849124.175623691,#F58518,false
30,785553f0c30b5763,MF+SF,1,0.35,0.3841359123080051,0.03032484354227371,147048.9319428454,4849124.175623691,#F58518,false
30,188dc42bd4bc80fd,MF+SF,1,0.5,0.5262857337933531,0.018531839114032108,89863.18906662181,4849124.175623691,#F58518,false
30,ecd7558669a1757f,SF,1,0.01,0.06377238243289854,0.17128636312493797,830588.844383795,4849124.175623691,#F58518,false
30,6574c7bb9c60262a,SF,1,0.02,0.07241045588602302,0.1434413980279442,695565.1509625646,4849124.175623691,#F58518,false
30,a1a13488340e570a,SF,1,0.05,0.09998098498645615,0.11279876522289388,546975.2194228355,4849124.175623691,#F58518,false
30,a23e34b2f9a36a6e,SF,1,0.1,0.14735353446001684,0.09447258161198753,458109.2794282709,4849124.175623691,#F58518,false
30,a1c635bdc08218d7,SF,1,0.2,0.24218164780310017,0.0732783878847246,355336.0022425482,4849124.175623691,#F58518,false
30,048c516146700bb1,SF,1,0.35,0.3841359123080051,0.054549238401578534,264516.0306949547,4849124.175623691,#F58518,false
30,4ba04a2546e1f79d,SF,1,0.5,0.5262857337933531,0.0440095847612601,213407.94142498632,4849124.175623691,#F58518,false
30,2ce57ccc3fc59a00,MF+SF,2,0.01,0.11578502785329306,0.1452615581898131,704391.3336069902,4849124.175623691,#54A24B,false
30,a9d08fba3f83d52e,MF+SF,2,0.02,0.1239432083367995,0.11300668692938923,547983.457596439,4849124.175623691,#54A24B,false
30,e4f15065e9975e62,MF+SF,2,0.05,0.14998204137609747,0.07468522156955983,362157.91347476444,4849124.175623691,#54A24B,false
30,c81cf943f00a3372,MF+SF,2,0.1,0.19472278254557146,0.05369905909346794,260393.4056583806,4849124.175623691,#54A24B,false
30,a6760b0100b1ffc9,MF+SF,2,0.2,0.28428266736959457,0.03492723738104578,169366.51117217657,4849124.175623691,#54A24B,false
30,0308f3ae65f79480,MF+SF,2,0.35,0.4183505838464493,0.02058161771928193,99802.82005601493,4849124.175623691,#54A24B,false
30,c9d93e5f19d85b38,MF+SF,2,0.5,0.5526031930270556,0.011968350401503285,58036.01727426508,4849124.175623691,#54A24B,false
30,5d7141ec86d67657,SF,2,0.01,0.11578502785329306,0.12760955678180658,618794.5868312824,4849124.175623691,#54A24B,false
30,b2fef391172656c1,SF,2,0.02,0.1239432083367995,0.09805381088621073,475475.1048803579,4849124.175623691,#54A24B,false
30,96a6ae5dfa507555,SF,2,0.05,0.14998204137609747,0.06934533124610087,336264.12221210066,4849124.175623691,#54A24B,false
30,7d1bf613519e8cb1,SF,2,0.1,0.19472278254557146,0.052024223536865505,252271.92007066554,4849124.175623691,#54A24B,false
30,528e26e84cee2430,SF,2,0.2,0.28428266736959457,0.035523429495304036,172257.52076674247,4849124.175623691,#54A24B,false
30,d8cc553777aeb66e,SF,2,0.35,0.4183505838464493,0.022340707430949867,108332.86450395484,4849124.175623691,#54A24B,false
30,38266c7b3de97021,SF,2,0.5,0.5526031930270556,0.014093583404225925,68341.53600660077,4849124.175623691,#54A24B,false
30,6edbb8097bc77054,MF+SF,3,0.01,0.16779767327368758,0.1297388414695315,629119.7526873146,4849124.175623691,#B279A2,false
30,cb391d3977990c10,MF+SF,3,0.02,0.17547596078757602,0.09965200488328324,483224.9460288989,4849124.175623691,#B279A2,false
30,41a0c11fb367a663,MF+SF,3,0.05,0.1999830977657388,0.06440913761798578,312327.9063544481,4849124.175623691,#B279A2,false
30,8dc245111c8c0751,MF+SF,3,0.1,0.24209203063112605,0.04512812852114871,218831.89901255522,4849124.175623691,#B279A2,false
30,bea9a221692984be,MF+SF,3,0.2,0.32638368693608905,0.028294197743436205,137202.07830757377,4849124.175623691,#B279A2,false
30,b2822fa3c084ca0c,MF+SF,3,0.35,0.4525652553848934,0.015800211423920154,76617.18719569684,4849124.175623691,#B279A2,false
30,7a575b5bdbd82d08,MF+SF,3,0.5,0.5789206522607582,0.008741101025565353,42386.68430463799,4849124.175623691,#B279A2,false
30,c1795dfd90543d9f,SF,3,0.01,0.16779767327368758,0.10851429585740358,526199.2954429174,4849124.175623691,#B279A2,false
30,0dfbc6fb684fecfc,SF,3,0.02,0.17547596078757602,0.0819134403759659,397208.444035606,4849124.175623691,#B279A2,false
30,d8cd672cd8470116,SF,3,0.05,0.1999830977657388,0.05548366933954559,269047.20234670147,4849124.175623691,#B279A2,false
30,c5565005198482df,SF,3,0.1,0.24209203063112605,0.03989650811829686,193463.12203940016,4849124.175623691,#B279A2,false
30,9473b128e73baa7f,SF,3,0.2,0.32638368693608905,0.025391954752671014,123128.74165751989,4849124.175623691,#B279A2,true
30,17e14e38b27d877e,SF,3,0.35,0.4525652553848934,0.01438392942713499,69749.45992558531,4849124.175623691,#B279A2,false
30,5efbca017834c43c,SF,3,0.5,0.5789206522607582,0.008086900756597864,39214.38596468821,4849124.175623691,#B279A2,false
45,6cd52c9bc8413fd0,MF,0,0.01,0.011759737012504018,0.25135751198517015,939919.3379095898,3739372.3803450284,#4C78A8,false
45,c84bdea16f32f98f,MF,0,0.02,0.020877703435246517,0.2100080357576985,785298.2485628489,3739372.3803450284,#4C78A8,false
45,92509a4487fb049e,MF,0,0.05,0.04997992859681482,0.16185580107138778,605239.1121249667,3739372.3803450284,#4C78A8,false
45,84910c2b0412848d,MF,0,0.1,0.09998428637446223,0.13227275360753024,494617.08151218185,3739372.3803450284,#4C78A8,false
45,031f112e5c4cf361,MF,0,0.2,0.20008062823660575,0.10222122885621576,382243.23986986146,3739372.3803450284,#4C78A8,false
45,3707057ec933dfea,MF,0,0.35,0.34992124076956094,0.07560139430993071,282701.7657981287,3739372.3803450284,#4C78A8,false
45,4acb6086578a45d2,MF,0,0.5,0.49996827455965037,0.058809636245209955,219911.129473476,3739372.3803450284,#4C78A8,false
45,910b849b9f88b2ce,MF+SF,1,0.01,0.06377238243289854,0.18016236322393667,673694.1650172777,3739372.3803450284,#F58518,false
45,eb7cf93e607fec24,MF+SF,1,0.02,0.07241045588602302,0.14009757680452498,523877.00925610703,3739372.3803450284,#F58518,false
45,2ee080f94d11e0eb,MF+SF,1,0.05,0.09998098498645615,0.09636827343254303,360356.860015189,3739372.3803450284,#F58518,false
45,1409585c91dc73a1,MF+SF,1,0.1,0.14735353446001684,0.07145764128700241,267206.7301932194,3739372.3803450284,#F58518,false
45,b24801b3365fed68,MF+SF,1,0.2,0.24218164780310017,0.04838409715038748,180926.15653208955,3739372.3803450284,#F58518,false
45,785553f0c30b5763,MF+SF,1,0.35,0.3841359123080051,0.029228082115330036,109294.68299252163,3739372.3803450284,#F58518,false
45,188dc42bd4bc80fd,MF+SF,1,0.5,0.5262857337933531,0.017451385155103274,65257.22764775642,3739372.3803450284,#F58518,false
45,ecd7558669a1757f,SF,1,0.01,0.06377238243289854,0.17399896300469425,650646.9164684301,3739372.3803450284,#F58518,false
45,6574c7bb9c60262a,SF,1,0.02,0.07241045588602302,0.13961191215264165,522060.92827074457,3739372.3803450284,#F58518,false
45,a1a13488340e570a,SF,1,0.05,0.09998098498645615,0.10656209238972011,398475.34507389454,3739372.3803450284,#F58518,false
45,a23e34b2f9a36a6e,SF,1,0.1,0.14735353446001684,0.08552584094271887,319812.9674269849,3739372.3803450284,#F58518,false
45,a1c635bdc08218d7,SF,1,0.2,0.24218164780310017,0.06351494471849632,237506.03001948647,3739372.3803450284,#F58518,false
45,048c516146700bb1,SF,1,0.35,0.3841359123080051,0.0441141155597617,164959.10530752176,3739372.3803450284,#F58518,false
45,4ba04a2546e1f79d,SF,1,0.5,0.5262857337933531,0.033145708908129776,123944.14841801664,3739372.3803450284,#F58518,false
45,2ce57ccc3fc59a00,MF+SF,2,0.01,0.11578502785329306,0.16923517251577885,632833.3298884295,3739372.3803450284,#54A24B,false
45,a9d08fba3f83d52e,MF+SF,2,0.02,0.1239432083367995,0.13103779420827388,489999.10844375513,3739372.3803450284,#54A24B,false
45,e4f15065e9975e62,MF+SF,2,0.05,0.14998204137609747,0.08732743045163385,326549.781477341,3739372.3803450284,#54A24B,false
45,c81cf943f00a3372,MF+SF,2,0.1,0.19472278254557146,0.06272703716492646,234559.75027540213,3739372.3803450284,#54A24B,false
45,a6760b0100b1ffc9,MF+SF,2,0.2,0.28428266736959457,0.040966743263310006,153189.90827150719,3739372.3803450284,#54A24B,false
45,0308f3ae65f79480,MF+SF,2,0.35,0.4183505838464493,0.024075538853055224,90027.40502903833,3739372.3803450284,#54A24B,false
45,c9d93e5f19d85b38,MF+SF,2,0.5,0.5526031930270556,0.01394884553340682,52159.92772532058,3739372.3803450284,#54A24B,false
45,5d7141ec86d67657,SF,2,0.01,0.11578502785329306,0.14696494429933005,549556.6535918603,3739372.3803450284,#54A24B,false
45,b2fef391172656c1,SF,2,0.02,0.1239432083367995,0.11372267187197911,425251.4182171191,3739372.3803450284,#54A24B,false
45,96a6ae5dfa507555,SF,2,0.05,0.14998204137609747,0.08063296481936076,301516.68159085,3739372.3803450284,#54A24B,false
45,7d1bf613519e8cb1,SF,2,0.1,0.19472278254557146,0.06060033127856613,226607.2050228291,3739372.3803450284,#54A24B,false
45,528e26e84cee2430,SF,2,0.2,0.28428266736959457,0.04122722234935686,154163.9365715283,3739372.3803450284,#54A24B,false
45,d8cc553777aeb66e,SF,2,0.35,0.4183505838464493,0.025465367849313015,95224.49319104737,3739372.3803450284,#54A24B,false
45,38266c7b3de97021,SF,2,0.5,0.5526031930270556,0.01564210407862445,58491.6519620906,3739372.3803450284,#54A24B,false
45,6edbb8097bc77054,MF+SF,3,0.01,0.16779767327368758,0.14977263830732068,560055.6670178007,3739372.3803450284,#B279A2,false
45,cb391d3977990c10,MF+SF,3,0.02,0.17547596078757602,0.11421522663550064,427093.2638956389,3739372.3803450284,#B279A2,false
45,41a0c11fb367a663,MF+SF,3,0.05,0.1999830977657388,0.07483386328226391,279831.6814722136,3739372.3803450284,#B279A2,false
45,8dc245111c8c0751,MF+SF,3,0.1,0.24209203063112605,0.05233752307785658,195709.4882530074,3739372.3803450284,#B279A2,false
45,bea9a221692984be,MF+SF,3,0.2,0.32638368693608905,0.032869104597049455,122909.82189687854,3739372.3803450284,#B279A2,false
45,b2822fa3c084ca0c,MF+SF,3,0.35,0.4525652553848934,0.018365739746952926,68676.33995436066,3739372.3803450284,#B279A2,false
45,7a575b5bdbd82d08,MF+SF,3,0.5,0.5789206522607582,0.010121171944313317,37846.830825288205,3739372.3803450284,#B279A2,false
45,c1795dfd90543d9f,SF,3,0.01,0.16779767327368758,0.12456361689546719,465789.74861478934,3739372.3803450284,#B279A2,false
45,0dfbc6fb684fecfc,SF,3,0.02,0.17547596078757602,0.09349037734988555,349595.33489019645,3739372.3803450284,#B279A2,false
45,d8cd672cd8470116,SF,3,0.05,0.1999830977657388,0.06424492830582217,240235.7104840379,3739372.3803450284,#B279A2,false
45,c5565005198482df,SF,3,0.1,0.24209203063112605,0.0464197888267013,173580.87624001558,3739372.3803450284,#B279A2,false
45,9473b128e73baa7f,SF,3,0.2,0.32638368693608905,0.02941882627598915,110007.94643860242,3739372.3803450284,#B279A2,true
45,17e14e38b27d877e,SF,3,0.35,0.4525652553848934,0.016561845003797936,61930.9057747573,3739372.3803450284,#B279A2,false
45,5efbca017834c43c,SF,3,0.5,0.5789206522607582,0.009103723994057004,34042.21406166109,3739372.3803450284,#B279A2,false
60,6cd52c9bc8413fd0,MF,0,0.01,0.011759737012504018,0.28788335451879576,729880.7261780486,2535334.935908547,#4C78A8,false
60,c84bdea16f32f98f,MF,0,0.02,0.020877703435246517,0.23952651891589527,607279.9514840287,2535334.935908547,#4C78A8,false
60,92509a4487fb049e,MF,0,0.05,0.04997992859681482,0.1845521876860758,467901.6089388592,2535334.935908547,#4C78A8,false
60,84910c2b0412848d,MF,0,0.1,0.09998428637446223,0.15039232676143882,381294.92013084976,2535334.935908547,#4C78A8,false
60,031f112e5c4cf361,MF,0,0.2,0.20008062823660575,0.11617128593812388,294533.1197883468,2535334.935908547,#4C78A8,false
60,3707057ec933dfea,MF,0,0.35,0.34992124076956094,0.08604546510630556,218154.07376051633,2535334.935908547,#4C78A8,false
60,4acb6086578a45d2,MF,0,0.5,0.49996827455965037,0.06725314334785722,170509.2438794879,2535334.935908547,#4C78A8,false
60,910b849b9f88b2ce,MF+SF,1,0.01,0.06377238243289854,0.19152257202365397,485573.86786663084,2535334.935908547,#F58518,false
60,eb7cf93e607fec24,MF+SF,1,0.02,0.07241045588602302,0.14698223915741024,372649.20589384745,2535334.935908547,#F58518,false
60,2ee080f94d11e0eb,MF+SF,1,0.05,0.09998098498645615,0.09976120180274205,252928.06017871466,2535334.935908547,#F58518,false
60,1409585c91dc73a1,MF+SF,1,0.1,0.14735353446001684,0.07252354698212898,183871.4823397965,2535334.935908547,#F58518,false
60,b24801b3365fed68,MF+SF,1,0.2,0.24218164780310017,0.04742584860724481,120240.41083905748,2535334.935908547,#F58518,false
60,785553f0c30b5763,MF+SF,1,0.35,0.3841359123080051,0.028186573806718292,71462.40529573766,2535334.935908547,#F58518,false
60,188dc42bd4bc80fd,MF+SF,1,0.5,0.5262857337933531,0.01660423739622236,42097.30315476172,2535334.935908547,#F58518,false
60,ecd7558669a1757f,SF,1,0.01,0.06377238243289854,0.17748733353238194,449989.8373859005,2535334.935908547,#F58518,false
60,6574c7bb9c60262a,SF,1,0.02,0.07241045588602302,0.13702321750451005,347399.7503697799,2535334.935908547,#F58518,false
60,a1a13488340e570a,SF,1,0.05,0.09998098498645615,0.10219793152596435,259105.9861753669,2535334.935908547,#F58518,false
60,a23e34b2f9a36a6e,SF,1,0.1,0.14735353446001684,0.07935549471102975,201192.75809717967,2535334.935908547,#F58518,false
60,a1c635bdc08218d7,SF,1,0.2,0.24218164780310017,0.05675652223190787,143896.79365522618,2535334.935908547,#F58518,false
60,048c516146700bb1,SF,1,0.35,0.3841359123080051,0.03834801529043244,97225.06288858852,2535334.935908547,#F58518,false
60,4ba04a2546e1f79d,SF,1,0.5,0.5262857337933531,0.025568481029679378,64824.66321266107,2535334.935908547,#F58518,false
60,2ce57ccc3fc59a00,MF+SF,2,0.01,0.11578502785329306,0.19386390676472104,491509.9356323146,2535334.935908547,#54A24B,false
60,a9d08fba3f83d52e,MF+SF,2,0.02,0.1239432083367995,0.14915730832565022,378163.7347441038,2535334.935908547,#54A24B,false
60,e4f15065e9975e62,MF+SF,2,0.05,0.14998204137609747,0.09970518108344686,252786.02889195085,2535334.935908547,#54A24B,false
60,c81cf943f00a3372,MF+SF,2,0.1,0.19472278254557146,0.07159722321191393,181522.94132320775,2535334.935908547,#54A24B,false
60,a6760b0100b1ffc9,MF+SF,2,0.2,0.28428266736959457,0.04689412630492865,118892.31670979361,2535334.935908547,#54A24B,false
60,0308f3ae65f79480,MF+SF,2,0.35,0.4183505838464493,0.02771749956901198,70273.14499334617,2535334.935908547,#54A24B,false
60,c9d93e5f19d85b38,MF+SF,2,0.5,0.5526031930270556,0.01641138377673562,41608.354635760574,2535334.935908547,#54A24B,false
60,5d7141ec86d67657,SF,2,0.01,0.11578502785329306,0.16910397173327743,428735.20733626967,2535334.935908547,#54A24B,false
60,b2fef391172656c1,SF,2,0.02,0.1239432083367995,0.13101151671424063,332158.0753319808,2535334.935908547,#54A24B,false
60,96a6ae5dfa507555,SF,2,0.05,0.14998204137609747,0.09417471767720331,238764.45180633778,2535334.935908547,#54A24B,false
60,7d1bf613519e8cb1,SF,2,0.1,0.19472278254557146,0.07109481003449224,180249.1556422297,2535334.935908547,#54A24B,false
60,528e26e84cee2430,SF,2,0.2,0.28428266736959457,0.04877034967712113,123649.17137288132,2535334.935908547,#54A24B,false
60,d8cc553777aeb66e,SF,2,0.35,0.4183505838464493,0.031190489273385778,79078.33712289575,2535334.935908547,#54A24B,false
60,38266c7b3de97021,SF,2,0.5,0.5526031930270556,0.020040371670338456,50809.054424401016,2535334.935908547,#54A24B,false
60,6edbb8097bc77054,MF+SF,3,0.01,0.16779767327368758,0.17216316314640417,436491.28220160137,2535334.935908547,#B279A2,false
60,cb391d3977990c10,MF+SF,3,0.02,0.17547596078757602,0.1312596903291768,332787.27856809925,2535334.935908547,#B279A2,false
60,41a0c11fb367a663,MF+SF,3,0.05,0.1999830977657388,0.0862324638559692,218628.17822350975,2535334.935908547,#B279A2,false
60,8dc245111c8c0751,MF+SF,3,0.1,0.24209203063112605,0.06063739582716408,153736.10806312424,2535334.935908547,#B279A2,false
60,bea9a221692984be,MF+SF,3,0.2,0.32638368693608905,0.038217151306534504,96893.2788583599,2535334.935908547,#B279A2,false
60,b2822fa3c084ca0c,MF+SF,3,0.35,0.4525652553848934,0.021468714815408598,54430.38270056283,2535334.935908547,#B279A2,false
60,7a575b5bdbd82d08,MF+SF,3,0.5,0.5789206522607582,0.011984256404598386,30384.103943464044,2535334.935908547,#B279A2,false
60,c1795dfd90543d9f,SF,3,0.01,0.16779767327368758,0.14324745019966467,363180.26497102965,2535334.935908547,#B279A2,false
60,0dfbc6fb684fecfc,SF,3,0.02,0.17547596078757602,0.10758404610300364,272761.5906313409,2535334.935908547,#B279A2,false
60,d8cd672cd8470116,SF,3,0.05,0.1999830977657388,0.07485894945500506,189792.5098186864,2535334.935908547,#B279A2,false
60,c5565005198482df,SF,3,0.1,0.24209203063112605,0.05418835044879209,137385.6180120782,2535334.935908547,#B279A2,false
60,9473b128e73baa7f,SF,3,0.2,0.32638368693608905,0.03463462432874773,87810.37305274224,2535334.935908547,#B279A2,true
60,17e14e38b27d877e,SF,3,0.35,0.4525652553848934,0.019689876554119138,49920.43191138485,2535334.935908547,#B279A2,false
60,5efbca017834c43c,SF,3,0.5,0.5789206522607582,0.011055629823830904,28029.724530830947,2535334.935908547,#B279A2,false
