index,position,red,green,blue,alpha
0,0,0.36862745098039218,0.30980392156862746,0.63529411764705879,1
1,0.0039215686274509803,0.36186082276047676,0.31856978085351789,0.63944636678200684,1
2,0.0078431372549019607,0.35509419454056135,0.32733564013840832,0.643598615916955,1
3,0.011764705882352941,0.34832756632064593,0.33610149942329876,0.64775086505190305,1
4,0.015686274509803921,0.34156093810073052,0.34486735870818919,0.65190311418685121,1
5,0.019607843137254902,0.3347943098808151,0.35363321799307962,0.65605536332179926,1
6,0.023529411764705882,0.32802768166089968,0.36239907727797005,0.66020761245674742,1
7,0.027450980392156862,0.32126105344098421,0.37116493656286048,0.66435986159169547,1
8,0.031372549019607843,0.3144944252210688,0.37993079584775091,0.66851211072664363,1
9,0.035294117647058823,0.30772779700115338,0.38869665513264129,0.67266435986159168,1
10,0.039215686274509803,0.30096116878123796,0.39746251441753178,0.67681660899653984,1
11,0.043137254901960784,0.29419454056132255,0.40622837370242215,0.68096885813148789,1
12,0.047058823529411764,0.28742791234140713,0.41499423298731258,0.68512110726643605,1
13,0.050980392156862744,0.28066128412149172,0.42376009227220302,0.6892733564013841,1
14,0.054901960784313725,0.2738946559015763,0.43252595155709345,0.69342560553633215,1
15,0.058823529411764705,0.26712802768166088,0.44129181084198388,0.69757785467128031,1
16,0.062745098039215685,0.26036139946174547,0.45005767012687437,0.70173010380622836,1
17,0.066666666666666666,0.25359477124183005,0.45882352941176474,0.70588235294117652,1
18,0.070588235294117646,0.24682814302191464,0.46758938869665517,0.71003460207612457,1
19,0.074509803921568626,0.24006151480199919,0.4763552479815456,0.71418685121107273,1
20,0.078431372549019607,0.23329488658208378,0.48512110726643604,0.71833910034602078,1
21,0.082352941176470587,0.22652825836216836,0.49388696655132647,0.72249134948096894,1
22,0.086274509803921567,0.21976163014225295,0.50265282583621684,0.72664359861591699,1
23,0.090196078431372548,0.21299500192233753,0.51141868512110733,0.73079584775086515,1
24,0.094117647058823528,0.20622837370242211,0.52018454440599771,0.7349480968858132,1
25,0.098039215686274508,0.19946174548250667,0.52895040369088819,0.73910034602076125,1
26,0.10196078431372549,0.2000768935024991,0.53779315647827763,0.73933102652825833,1
27,0.10588235294117647,0.20807381776239914,0.54671280276816614,0.73564013840830456,1
28,0.10980392156862745,0.21607074202229917,0.55563244905805464,0.73194925028835067,1
29,0.11372549019607843,0.22406766628219921,0.56455209534794315,0.72825836216839679,1
30,0.11764705882352941,0.23206459054209927,0.57347174163783166,0.72456747404844291,1
31,0.12156862745098039,0.2400615148019993,0.58239138792772016,0.72087658592848902,1
32,0.12549019607843137,0.24805843906189934,0.59131103421760867,0.71718569780853514,1
33,0.12941176470588237,0.25605536332179935,0.60023068050749706,0.71349480968858137,1
34,0.13333333333333333,0.26405228758169941,0.60915032679738568,0.70980392156862748,1
35,0.13725490196078433,0.27204921184159947,0.61806997308727418,0.7061130334486736,1
36,0.14117647058823529,0.28004613610149953,0.62698961937716269,0.70242214532871972,1
37,0.14509803921568629,0.28804306036139948,0.63590926566705108,0.69873125720876583,1
38,0.14901960784313725,0.2960399846212996,0.6448289119569397,0.69504036908881195,1
39,0.15294117647058825,0.30403690888119961,0.6537485582468282,0.69134948096885807,1
40,0.15686274509803921,0.31203383314109967,0.66266820453671671,0.68765859284890429,1
41,0.16078431372549021,0.32003075740099968,0.6715878508266051,0.68396770472895041,1
42,0.16470588235294117,0.32802768166089979,0.68050749711649372,0.68027681660899653,1
43,0.16862745098039217,0.3360246059207998,0.68942714340638223,0.67658592848904264,1
44,0.17254901960784313,0.34402153018069986,0.69834678969627073,0.67289504036908876,1
45,0.17647058823529413,0.35201845444059982,0.70726643598615913,0.66920415224913499,1
46,0.1803921568627451,0.36001537870049993,0.71618608227604774,0.6655132641291811,1
47,0.18431372549019609,0.3680123029604,0.72510572856593625,0.66182237600922722,1
48,0.18823529411764706,0.3760092272203,0.73402537485582475,0.65813148788927334,1
49,0.19215686274509805,0.38400615148020001,0.74294502114571315,0.65444059976931945,1
50,0.19607843137254902,0.39200307574010007,0.75186466743560176,0.65074971164936557,1
51,0.20000000000000001,0.40000000000000019,0.76078431372549027,0.6470588235294118,1
52,0.20392156862745098,0.41061130334486751,0.76493656286043832,0.64690503652441367,1
53,0.20784313725490197,0.42122260668973482,0.76908881199538637,0.64675124951941565,1
54,0.21176470588235294,0.43183391003460225,0.77324106113033453,0.64659746251441752,1
55,0.21568627450980393,0.44244521337946963,0.77739331026528258,0.6464436755094195,1
56,0.2196078431372549,0.45305651672433694,0.78154555940023074,0.64628988850442137,1
57,0.22352941176470589,0.46366782006920426,0.78569780853517879,0.64613610149942335,1
58,0.22745098039215686,0.47427912341407169,0.78985005767012695,0.64598231449442522,1
59,0.23137254901960785,0.48489042675893901,0.794002306805075,0.64582852748942721,1
60,0.23529411764705882,0.49550173010380638,0.79815455594002316,0.64567474048442908,1
61,0.23921568627450981,0.50611303344867364,0.80230680507497121,0.64552095347943106,1
62,0.24313725490196078,0.51672433679354113,0.80645905420991926,0.64536716647443293,1
63,0.24705882352941178,0.52733564013840839,0.81061130334486742,0.64521337946943491,1
64,0.25098039215686274,0.53794694348327576,0.81476355247981547,0.64505959246443678,1
65,0.25490196078431371,0.54855824682814314,0.81891580161476363,0.64490580545943876,1
66,0.25882352941176473,0.5591695501730104,0.82306805074971168,0.64475201845444063,1
67,0.2627450980392157,0.56978085351787788,0.82722029988465984,0.64459823144944262,1
68,0.26666666666666666,0.58039215686274526,0.83137254901960789,0.64444444444444449,1
69,0.27058823529411763,0.59100346020761263,0.83552479815455605,0.64429065743944636,1
70,0.27450980392156865,0.60161476355248,0.8396770472895041,0.64413687043444834,1
71,0.27843137254901962,0.61222606689734727,0.84382929642445226,0.64398308342945021,1
72,0.28235294117647058,0.62283737024221464,0.84798154555940031,0.64382929642445219,1
73,0.28627450980392155,0.63344867358708201,0.85213379469434836,0.64367550941945406,1
74,0.29019607843137257,0.64405997693194927,0.85628604382929641,0.64352172241445604,1
75,0.29411764705882354,0.65467128027681665,0.86043829296424457,0.64336793540945791,1
76,0.29803921568627451,0.66528258362168402,0.86459054209919273,0.6432141484044599,1
77,0.30196078431372547,0.67512495194156097,0.86851211072664369,0.64221453287197239,1
78,0.30588235294117649,0.6841983852364476,0.87220299884659758,0.64036908881199539,1
79,0.30980392156862746,0.69327181853133424,0.87589388696655146,0.6385236447520185,1
80,0.31372549019607843,0.70234525182622076,0.87958477508650523,0.63667820069204151,1
81,0.31764705882352939,0.7114186851211074,0.88327566320645912,0.63483275663206462,1
82,0.32156862745098042,0.72049211841599381,0.886966551326413,0.63298731257208773,1
83,0.32549019607843138,0.72956555171088056,0.89065743944636688,0.63114186851211074,1
84,0.32941176470588235,0.73863898500576719,0.89434832756632077,0.62929642445213374,1
85,0.33333333333333331,0.74771241830065371,0.89803921568627465,0.62745098039215685,1
86,0.33725490196078434,0.75678585159554035,0.90173010380622842,0.62560553633217997,1
87,0.3411764705882353,0.76585928489042687,0.90542099192618231,0.62376009227220297,1
88,0.34509803921568627,0.77493271818531351,0.90911188004613619,0.62191464821222608,1
89,0.34901960784313724,0.78400615148020014,0.91280276816609007,0.62006920415224909,1
90,0.35294117647058826,0.79307958477508655,0.91649365628604385,0.6182237600922722,1
91,0.35686274509803922,0.8021530180699733,0.92018454440599784,0.6163783160322952,1
92,0.36078431372549019,0.81122645136485994,0.92387543252595172,0.61453287197231832,1
93,0.36470588235294116,0.82029988465974646,0.9275663206459055,0.61268742791234132,1
94,0.36862745098039218,0.82937331795463298,0.93125720876585938,0.61084198385236443,1
95,0.37254901960784315,0.83844675124951962,0.93494809688581326,0.60899653979238755,1
96,0.37647058823529411,0.84752018454440625,0.93863898500576715,0.60715109573241055,1
97,0.38039215686274508,0.85659361783929278,0.94232987312572103,0.60530565167243366,1
98,0.3843137254901961,0.8656670511341793,0.9460207612456748,0.60346020761245678,1
99,0.38823529411764707,0.87474048442906605,0.9497116493656288,0.60161476355247978,1
100,0.39215686274509803,0.88381391772395257,0.95340253748558257,0.59976931949250278,1
101,0.396078431372549,0.8928873510188392,0.95709342560553645,0.5979238754325259,1
102,0.40000000000000002,0.90196078431372562,0.96078431372549022,0.59607843137254923,1
103,0.40392156862745099,0.90580545943867752,0.96232218377547107,0.60207612456747417,1
104,0.40784313725490196,0.90965013456362953,0.96386005382545181,0.60807381776239922,1
105,0.41176470588235292,0.91349480968858143,0.96539792387543255,0.61407151095732426,1
106,0.41568627450980394,0.91733948481353333,0.96693579392541329,0.6200692041522492,1
107,0.41960784313725491,0.92118415993848535,0.96847366397539414,0.62606689734717424,1
108,0.42352941176470588,0.92502883506343725,0.97001153402537488,0.63206459054209929,1
109,0.42745098039215684,0.92887351018838915,0.97154940407535573,0.63806228373702434,1
110,0.43137254901960786,0.93271818531334105,0.97308727412533647,0.64405997693194939,1
111,0.43529411764705883,0.93656286043829307,0.9746251441753172,0.65005767012687443,1
112,0.4392156862745098,0.94040753556324497,0.97616301422529805,0.65605536332179937,1
113,0.44313725490196076,0.94425221068819687,0.97770088427527879,0.66205305651672441,1
114,0.44705882352941179,0.94809688581314877,0.97923875432525953,0.66805074971164935,1
115,0.45098039215686275,0.95194156093810078,0.98077662437524038,0.67404844290657451,1
116,0.45490196078431372,0.95578623606305269,0.98231449442522112,0.68004613610149955,1
117,0.45882352941176469,0.9596309111880047,0.98385236447520186,0.68604382929642449,1
118,0.46274509803921571,0.9634755863129566,0.9853902345251826,0.69204152249134954,1
119,0.46666666666666667,0.9673202614379085,0.98692810457516345,0.69803921568627458,1
120,0.47058823529411764,0.97116493656286051,0.98846597462514418,0.70403690888119963,1
121,0.47450980392156861,0.97500961168781242,0.99000384467512492,0.71003460207612457,1
122,0.47843137254901963,0.97885428681276432,0.99154171472510577,0.7160322952710495,1
123,0.4823529411764706,0.98269896193771633,0.99307958477508651,0.72202998846597466,1
124,0.48627450980392156,0.98654363706266823,0.99461745482506725,0.72802768166089971,1
125,0.49019607843137253,0.99038831218762013,0.9961553248750481,0.73402537485582475,1
126,0.49411764705882355,0.99423298731257215,0.99769319492502884,0.74002306805074969,1
127,0.49803921568627452,0.99807766243752405,0.99923106497500958,0.74602076124567474,1
128,0.50196078431372548,0.99992310649750094,0.99761630142252977,0.74502114571318723,1
129,0.50588235294117645,0.99976931949250292,0.99284890426758943,0.73702422145328716,1
130,0.50980392156862742,0.99961553248750479,0.98808150711264897,0.7290272971933871,1
131,0.51372549019607838,0.99946174548250677,0.98331410995770852,0.72103037293348715,1
132,0.51764705882352946,0.99930795847750864,0.97854671280276828,0.71303344867358731,1
133,0.52156862745098043,0.99915417147251062,0.97377931564782771,0.70503652441368703,1
134,0.52549019607843139,0.99900038446751249,0.96901191849288737,0.69703960015378696,1
135,0.52941176470588236,0.99884659746251447,0.96424452133794691,0.6890426758938869,1
136,0.53333333333333333,0.99869281045751634,0.95947712418300657,0.68104575163398695,1
137,0.53725490196078429,0.99853902345251822,0.95470972702806611,0.67304882737408689,1
138,0.54117647058823526,0.9983852364475202,0.94994232987312577,0.66505190311418683,1
139,0.54509803921568623,0.99823144944252207,0.94517493271818531,0.65705497885428676,1
140,0.5490196078431373,0.99807766243752405,0.94040753556324486,0.6490580545943867,1
141,0.55294117647058827,0.99792387543252592,0.93564013840830451,0.64106113033448675,1
142,0.55686274509803924,0.9977700884275279,0.93087274125336406,0.63306420607458669,1
143,0.5607843137254902,0.99761630142252977,0.92610534409842371,0.62506728181468663,1
144,0.56470588235294117,0.99746251441753175,0.92133794694348325,0.61707035755478656,1
145,0.56862745098039214,0.99730872741253362,0.9165705497885428,0.60907343329488661,1
146,0.5725490196078431,0.99715494040753561,0.91180315263360245,0.60107650903498655,1
147,0.57647058823529407,0.99700115340253748,0.90703575547866211,0.59307958477508649,1
148,0.58039215686274515,0.99684736639753946,0.90226835832372176,0.58508266051518665,1
149,0.58431372549019611,0.99669357939254133,0.8975009611687812,0.57708573625528636,1
150,0.58823529411764708,0.99653979238754331,0.89273356401384085,0.5690888119953863,1
151,0.59215686274509804,0.99638600538254518,0.8879661668589004,0.56109188773548635,1
152,0.59607843137254901,0.99623221837754716,0.88319876970396005,0.55309496347558629,1
153,0.59999999999999998,0.99607843137254903,0.8784313725490196,0.54509803921568623,1
154,0.60392156862745094,0.9959246443675509,0.87074202229911568,0.53863898500576701,1
155,0.60784313725490191,0.99577085736255289,0.86305267204921188,0.53217993079584769,1
156,0.61176470588235299,0.99561707035755476,0.85536332179930796,0.52572087658592848,1
157,0.61568627450980395,0.99546328335255674,0.84767397154940405,0.51926182237600915,1
158,0.61960784313725492,0.99530949634755861,0.83998462129950013,0.51280276816608994,1
159,0.62352941176470589,0.99515570934256059,0.83229527104959633,0.50634371395617062,1
160,0.62745098039215685,0.99500192233756246,0.82460592079969242,0.4998846597462514,1
161,0.63137254901960782,0.99484813533256444,0.8169165705497885,0.49342560553633213,1
162,0.63529411764705879,0.99469434832756631,0.8092272202998847,0.48696655132641287,1
163,0.63921568627450975,0.9945405613225683,0.80153787004998078,0.48050749711649365,1
164,0.64313725490196083,0.99438677431757017,0.79384851980007709,0.47404844290657455,1
165,0.6470588235294118,0.99423298731257215,0.78615916955017306,0.46758938869665512,1
166,0.65098039215686276,0.99407920030757402,0.77846981930026915,0.46113033448673585,1
167,0.65490196078431373,0.993925413302576,0.77078046905036524,0.45467128027681658,1
168,0.6588235294117647,0.99377162629757787,0.76309111880046132,0.44821222606689731,1
169,0.66274509803921566,0.99361783929257985,0.75540176855055752,0.44175317185697804,1
170,0.66666666666666663,0.99346405228758172,0.7477124183006536,0.43529411764705883,1
171,0.6705882352941176,0.99331026528258359,0.74002306805074969,0.42883506343713951,1
172,0.67450980392156867,0.99315647827758557,0.73233371780084577,0.42237600922722029,1
173,0.67843137254901964,0.99300269127258745,0.72464436755094197,0.41591695501730103,1
174,0.68235294117647061,0.99284890426758943,0.71695501730103806,0.40945790080738176,1
175,0.68627450980392157,0.9926951172625913,0.70926566705113414,0.40299884659746249,1
176,0.69019607843137254,0.99254133025759328,0.70157631680123034,0.39653979238754322,1
177,0.69411764705882351,0.99238754325259515,0.69388696655132642,0.39008073817762401,1
178,0.69803921568627447,0.99223375624759713,0.68619761630142251,0.38362168396770469,1
179,0.70196078431372544,0.99146482122260671,0.67735486351403307,0.37808535178777392,1
180,0.70588235294117652,0.9900807381776241,0.66735870818915832,0.3734717416378317,1
181,0.70980392156862748,0.98869665513264127,0.65736255286428302,0.36885813148788926,1
182,0.71372549019607845,0.98731257208765866,0.64736639753940795,0.36424452133794694,1
183,0.71764705882352942,0.98592848904267594,0.63737024221453287,0.35963091118800461,1
184,0.72156862745098038,0.98454440599769322,0.62737408688965779,0.35501730103806228,1
185,0.72549019607843135,0.9831603229527105,0.61737793156478282,0.35040369088811996,1
186,0.72941176470588232,0.98177623990772778,0.60738177623990774,0.34579008073817763,1
187,0.73333333333333328,0.98039215686274517,0.59738562091503267,0.3411764705882353,1
188,0.73725490196078436,0.97900807381776245,0.58738946559015759,0.33656286043829298,1
189,0.74117647058823533,0.97762399077277973,0.57739331026528262,0.33194925028835065,1
190,0.74509803921568629,0.97623990772779701,0.56739715494040754,0.32733564013840832,1
191,0.74901960784313726,0.97485582468281429,0.55740099961553247,0.322722029988466,1
192,0.75294117647058822,0.97347174163783168,0.54740484429065739,0.31810841983852367,1
193,0.75686274509803919,0.97208765859284896,0.53740868896578242,0.31349480968858134,1
194,0.76078431372549016,0.97070357554786624,0.52741253364090734,0.30888119953863902,1
195,0.76470588235294112,0.96931949250288352,0.51741637831603227,0.30426758938869664,1
196,0.7686274509803922,0.96793540945790091,0.50742022299115752,0.29965397923875448,1
197,0.77254901960784317,0.96655132641291819,0.49742406766628222,0.29504036908881198,1
198,0.77647058823529413,0.96516724336793547,0.48742791234140714,0.29042675893886966,1
199,0.7803921568627451,0.96378316032295275,0.47743175701653207,0.28581314878892733,1
200,0.78431372549019607,0.96239907727797003,0.46743560169165704,0.281199538638985,1
201,0.78823529411764703,0.96101499423298731,0.45743944636678202,0.27658592848904268,1
202,0.792156862745098,0.9596309111880047,0.44744329104190694,0.27197231833910035,1
203,0.79607843137254897,0.95824682814302198,0.43744713571703187,0.26735870818915802,1
204,0.80000000000000004,0.95686274509803926,0.42745098039215684,0.2627450980392157,1
205,0.80392156862745101,0.9520953479430988,0.42022299115724721,0.26459054209919264,1
206,0.80784313725490198,0.94732795078815846,0.41299500192233757,0.26643598615916958,1
207,0.81176470588235294,0.942560553633218,0.40576701268742787,0.26828143021914647,1
208,0.81568627450980391,0.93779315647827766,0.39853902345251824,0.27012687427912341,1
209,0.81960784313725488,0.9330257593233372,0.3913110342176086,0.27197231833910035,1
210,0.82352941176470584,0.92825836216839686,0.38408304498269896,0.27381776239907729,1
211,0.82745098039215681,0.9234909650134564,0.37685505574778927,0.27566320645905423,1
212,0.83137254901960789,0.91872356785851617,0.36962706651287985,0.27750865051903112,1
213,0.83529411764705885,0.9139561707035756,0.36239907727796999,0.27935409457900806,1
214,0.83921568627450982,0.90918877354863514,0.35517108804306036,0.281199538638985,1
215,0.84313725490196079,0.9044213763936948,0.34794309880815066,0.28304498269896194,1
216,0.84705882352941175,0.89965397923875434,0.34071510957324103,0.28489042675893889,1
217,0.85098039215686272,0.894886582083814,0.33348712033833139,0.28673587081891583,1
218,0.85490196078431369,0.89011918492887354,0.32625913110342175,0.28858131487889277,1
219,0.85882352941176465,0.8853517877739332,0.31903114186851211,0.29042675893886966,1
220,0.86274509803921573,0.88058439061899274,0.31180315263360248,0.2922722029988466,1
221,0.8666666666666667,0.87581699346405228,0.30457516339869284,0.29411764705882354,1
222,0.87058823529411766,0.87104959630911194,0.29734717416378315,0.29596309111880048,1
223,0.87450980392156863,0.86628219915417148,0.29011918492887351,0.29780853517877742,1
224,0.8784313725490196,0.86151480199923114,0.28289119569396382,0.29965397923875436,1
225,0.88235294117647056,0.85674740484429068,0.27566320645905418,0.30149942329873125,1
226,0.88627450980392153,0.85198000768935023,0.26843521722414454,0.30334486735870819,1
227,0.8901960784313725,0.84721261053440988,0.2612072279892349,0.30519031141868513,1
228,0.89411764705882357,0.84244521337946965,0.25397923875432549,0.30703575547866202,1
229,0.89803921568627454,0.83767781622452908,0.2467512495194156,0.30888119953863902,1
230,0.90196078431372551,0.83106497500961174,0.23844675124951942,0.30880430603613995,1
231,0.90588235294117647,0.8226066897347174,0.22906574394463669,0.30680507497116494,1
232,0.90980392156862744,0.81414840445982317,0.21968473663975394,0.30480584390618992,1
233,0.9137254901960784,0.80569011918492894,0.21030372933487121,0.30280661284121491,1
234,0.91764705882352937,0.7972318339100346,0.20092272202998845,0.30080738177623995,1
235,0.92156862745098034,0.78877354863514038,0.19154171472510573,0.29880815071126493,1
236,0.92549019607843142,0.78031526336024615,0.182160707420223,0.29680891964628991,1
237,0.92941176470588238,0.77185697808535181,0.17277970011534027,0.2948096885813149,1
238,0.93333333333333335,0.76339869281045758,0.16339869281045752,0.29281045751633988,1
239,0.93725490196078431,0.75494040753556324,0.15401768550557476,0.29081122645136487,1
240,0.94117647058823528,0.74648212226066901,0.14463667820069204,0.28881199538638985,1
241,0.94509803921568625,0.73802383698577478,0.13525567089580931,0.28681276432141484,1
242,0.94901960784313721,0.72956555171088044,0.12587466359092658,0.28481353325643988,1
243,0.95294117647058818,0.72110726643598622,0.11649365628604383,0.28281430219146486,1
244,0.95686274509803926,0.7126489811610921,0.10711264898116138,0.2808150711264899,1
245,0.96078431372549022,0.70419069588619765,0.097731641676278375,0.27881584006151483,1
246,0.96470588235294119,0.69573241061130342,0.08835063437139562,0.27681660899653981,1
247,0.96862745098039216,0.68727412533640908,0.078969627066512893,0.2748173779315648,1
248,0.97254901960784312,0.67881584006151485,0.069588619761630166,0.27281814686658978,1
249,0.97647058823529409,0.67035755478662051,0.060207612456747439,0.27081891580161477,1
250,0.98039215686274506,0.66189926951172628,0.050826605151864684,0.26881968473663975,1
251,0.98431372549019602,0.65344098423683206,0.04144559784698193,0.26682045367166474,1
252,0.9882352941176471,0.64498269896193772,0.032064590542099203,0.26482122260668978,1
253,0.99215686274509807,0.63652441368704349,0.022683583237216476,0.26282199154171476,1
254,0.99607843137254903,0.62806612841214915,0.013302575932333721,0.26082276047673975,1
255,1,0.61960784313725492,0.0039215686274509803,0.25882352941176473,1
